Source,normalized_particle.L_concentration,size_min_um,size_max_um,DOI,Sample_ID,Subsample_ID,alpha_lower,alpha,alpha_upper,correction_factor,corrected_concentration,correction_factor_lower,corrected_concentration_lower,correction_factor_upper,corrected_concentration_upper
drinkingwater,2649,0.2,5000,10.1016/j.sciotenv.2018.08.102,Mineral Water.1|10.1016/j.sciotenv.2018.08.178,N/A,1.09,1.64,2.19,0.36,953.64,0.77,2051.7,0.15,390.21
drinkingwater,4889,0.2,5000,10.1016/j.sciotenv.2018.08.102,Mineral Water.2|10.1016/j.sciotenv.2018.08.178,N/A,1.09,1.64,2.19,0.36,1760.04,0.77,3786.61,0.15,720.16
drinkingwater,6292,0.2,5000,10.1016/j.sciotenv.2018.08.102,Mineral Water.3|10.1016/j.sciotenv.2018.08.178,N/A,1.09,1.64,2.19,0.36,2265.12,0.77,4873.26,0.15,926.83
drinkingwater,443,0.2,5000,10.1016/j.sciotenv.2018.08.102,WTP1_Treated|10.1016/j.sciotenv.2018.08.178,N/A,1.09,1.64,2.19,0.36,159.48,0.77,343.11,0.15,65.26
drinkingwater,338,0.2,5000,10.1016/j.sciotenv.2018.08.102,WTP2_Treated|10.1016/j.sciotenv.2018.08.178,N/A,1.09,1.64,2.19,0.36,121.68,0.77,261.79,0.15,49.79
drinkingwater,628,0.2,5000,10.1016/j.sciotenv.2018.08.102,WTP3_Treated|10.1016/j.sciotenv.2018.08.178,N/A,1.09,1.64,2.19,0.36,226.08,0.77,486.4,0.15,92.51
drinkingwater,7.00E-04,0.2,5000,10.1371/journal.pone.0236838,Mintenig|10.1371/journal.pone.0236838,N/A,1.09,1.64,2.19,0.36,2.52E-04,0.77,0,0.15,0
drinkingwater,18,0.2,5000,10.1371/journal.pone.0236838,Shruti|10.1371/journal.pone.0236838,N/A,1.09,1.64,2.19,0.36,6.48,0.77,13.94,0.15,2.65
drinkingwater,0.59,0.2,5000,10.1371/journal.pone.0236838,Strand|10.1371/journal.pone.0236838,N/A,1.09,1.64,2.19,0.36,0.2124,0.77,0.46,0.15,0.09
drinkingwater,0.7,0.2,5000,10.1371/journal.pone.0236838,Zhang|10.1371/journal.pone.0236838,N/A,1.09,1.64,2.19,0.36,0.25,0.77,0.54,0.15,0.1
drinkingwater,315,0.2,5000,10.1371/journal.pone.0236838,Mason|10.1371/journal.pone.0236838,Mason.1|10.1371/journal.pone.0236838,1.09,1.64,2.19,0.36,113.4,0.77,243.97,0.15,46.4
drinkingwater,10.4,0.2,5000,10.1371/journal.pone.0236838,Mason|10.1371/journal.pone.0236838,Mason.2|10.1371/journal.pone.0236838,1.09,1.64,2.19,0.36,3.744,0.77,8.05,0.15,1.53
drinkingwater,3074,0.2,5000,10.1371/journal.pone.0236838,Ossmann|10.1371/journal.pone.0236838,N/A,1.09,1.64,2.19,0.36,1106.64,0.77,2380.86,0.15,452.81
drinkingwater,0.33,0.2,5000,10.1371/journal.pone.0236838,Weisheu|10.1371/journal.pone.0236838,N/A,1.09,1.64,2.19,0.36,0.12,0.77,0.26,0.15,0.05
drinkingwater,2649,0.2,5000,10.1016/j.impact.2021.100302,MineralWater_SingleUsePET|10.1016/j.impact.2021.100302,N/A,1.09,1.64,2.19,0.36,953.64,0.77,2051.7,0.15,390.21
drinkingwater,4889,0.2,5000,10.1016/j.impact.2021.100302,MineralWater_ReusablePET|10.1016/j.impact.2021.100302,N/A,1.09,1.64,2.19,0.36,1760.04,0.77,3786.61,0.15,720.16
drinkingwater,6292,0.2,5000,10.1016/j.impact.2021.100302,MineralWater_Glass|10.1016/j.impact.2021.100302,N/A,1.09,1.64,2.19,0.36,2265.12,0.77,4873.26,0.15,926.83
drinkingwater,1473,0.2,5000,10.1016/j.impact.2021.100302,RawDrinkingWater|10.1016/j.impact.2021.100302,RawDrinkingWater.1|10.1016/j.impact.2021.100302,1.09,1.64,2.19,0.36,530.28,0.77,1140.86,0.15,216.98
drinkingwater,1812,0.2,5000,10.1016/j.impact.2021.100302,RawDrinkingWater|10.1016/j.impact.2021.100302,RawDrinkingWater.2|10.1016/j.impact.2021.100302,1.09,1.64,2.19,0.36,652.32,0.77,1403.42,0.15,266.91
drinkingwater,3605,0.2,5000,10.1016/j.impact.2021.100302,RawDrinkingWater|10.1016/j.impact.2021.100302,RawDrinkingWater.3|10.1016/j.impact.2021.100302,1.09,1.64,2.19,0.36,1297.8,0.77,2792.13,0.15,531.03
drinkingwater,440,0.2,5000,10.1016/j.impact.2021.100302,TapWater|10.1016/j.impact.2021.100302,N/A,1.09,1.64,2.19,0.36,158.4,0.77,340.79,0.15,64.81
drinkingwater,6614,0.2,5000,10.1016/j.impact.2021.100302,RawWater|10.1016/j.impact.2021.100302,N/A,1.09,1.64,2.19,0.36,2381.04,0.77,5122.65,0.15,974.26
drinkingwater,930,0.2,5000,10.1016/j.impact.2021.100302,TreatedDrinkingWater2|10.1016/j.impact.2021.100302,N/A,1.09,1.64,2.19,0.36,334.8,0.77,720.3,0.15,136.99
drinkingwater,2.8,0.2,5000,10.1016/j.scitotenv.2020.140236,Milence|10.1016/j.scitotenv.2020.140236,Milence_Fibers.10.1016/j.scitotenv.2020.140236,1.09,1.64,2.19,0.36,1.01,0.77,2.17,0.15,0.41
drinkingwater,17,0.2,5000,10.1016/j.scitotenv.2020.140236,Milence|10.1016/j.scitotenv.2020.140236,Milence_Fragments.10.1016/j.scitotenv.2020.140236,1.09,1.64,2.19,0.36,6.12,0.77,13.17,0.15,2.5
drinkingwater,12,0.2,5000,10.1016/j.scitotenv.2020.140236,Plzen|10.1016/j.scitotenv.2020.140236,Plzen_Fibers.10.1016/j.scitotenv.2020.140236,1.09,1.64,2.19,0.36,4.32,0.77,9.29,0.15,1.77
drinkingwater,180,0.2,5000,10.1016/j.scitotenv.2020.140236,Plzen|10.1016/j.scitotenv.2020.140236,Plzen_Fragments.10.1016/j.scitotenv.2020.140236,1.09,1.64,2.19,0.36,64.8,0.77,139.41,0.15,26.51
drinkingwater,125,0.2,5000,10.1016/j.chemosphere.2020.126493,A|10.1016/j.chemosphere.2020.126493,1|10.1016/j.chemosphere.2020.126493,1.09,1.64,2.19,0.36,45,0.77,96.81,0.15,18.41
drinkingwater,0,0.2,5000,10.1016/j.chemosphere.2020.126493,A|10.1016/j.chemosphere.2020.126493,2|10.1016/j.chemosphere.2020.126493,1.09,1.64,2.19,0.36,0,0.77,0,0.15,0
drinkingwater,249,0.2,5000,10.1016/j.chemosphere.2020.126493,A|10.1016/j.chemosphere.2020.126493,3|10.1016/j.chemosphere.2020.126493,1.09,1.64,2.19,0.36,89.64,0.77,192.85,0.15,36.68
drinkingwater,872,0.2,5000,10.1016/j.chemosphere.2020.126493,A|10.1016/j.chemosphere.2020.126493,4|10.1016/j.chemosphere.2020.126493,1.09,1.64,2.19,0.36,313.92,0.77,675.38,0.15,128.45
drinkingwater,249,0.2,5000,10.1016/j.chemosphere.2020.126493,A|10.1016/j.chemosphere.2020.126493,5|10.1016/j.chemosphere.2020.126493,1.09,1.64,2.19,0.36,89.64,0.77,192.85,0.15,36.68
drinkingwater,374,0.2,5000,10.1016/j.chemosphere.2020.126493,A|10.1016/j.chemosphere.2020.126493,6|10.1016/j.chemosphere.2020.126493,1.09,1.64,2.19,0.36,134.64,0.77,289.67,0.15,55.09
drinkingwater,499,0.2,5000,10.1016/j.chemosphere.2020.126493,A|10.1016/j.chemosphere.2020.126493,7|10.1016/j.chemosphere.2020.126493,1.09,1.64,2.19,0.36,179.64,0.77,386.48,0.15,73.5
drinkingwater,249,0.2,5000,10.1016/j.chemosphere.2020.126493,A|10.1016/j.chemosphere.2020.126493,8|10.1016/j.chemosphere.2020.126493,1.09,1.64,2.19,0.36,89.64,0.77,192.85,0.15,36.68
drinkingwater,499,0.2,5000,10.1016/j.chemosphere.2020.126493,A|10.1016/j.chemosphere.2020.126493,9|10.1016/j.chemosphere.2020.126493,1.09,1.64,2.19,0.36,179.64,0.77,386.48,0.15,73.5
drinkingwater,374,0.2,5000,10.1016/j.chemosphere.2020.126493,A|10.1016/j.chemosphere.2020.126493,10|10.1016/j.chemosphere.2020.126493,1.09,1.64,2.19,0.36,134.64,0.77,289.67,0.15,55.09
drinkingwater,249,0.2,5000,10.1016/j.chemosphere.2020.126493,A|10.1016/j.chemosphere.2020.126493,11|10.1016/j.chemosphere.2020.126493,1.09,1.64,2.19,0.36,89.64,0.77,192.85,0.15,36.68
drinkingwater,249,0.2,5000,10.1016/j.chemosphere.2020.126493,A|10.1016/j.chemosphere.2020.126493,12|10.1016/j.chemosphere.2020.126493,1.09,1.64,2.19,0.36,89.64,0.77,192.85,0.15,36.68
drinkingwater,249,0.2,5000,10.1016/j.chemosphere.2020.126493,A|10.1016/j.chemosphere.2020.126493,13|10.1016/j.chemosphere.2020.126493,1.09,1.64,2.19,0.36,89.64,0.77,192.85,0.15,36.68
drinkingwater,374,0.2,5000,10.1016/j.chemosphere.2020.126493,A|10.1016/j.chemosphere.2020.126493,14|10.1016/j.chemosphere.2020.126493,1.09,1.64,2.19,0.36,134.64,0.77,289.67,0.15,55.09
drinkingwater,748,0.2,5000,10.1016/j.chemosphere.2020.126493,A|10.1016/j.chemosphere.2020.126493,15|10.1016/j.chemosphere.2020.126493,1.09,1.64,2.19,0.36,269.28,0.77,579.34,0.15,110.18
drinkingwater,374,0.2,5000,10.1016/j.chemosphere.2020.126493,A|10.1016/j.chemosphere.2020.126493,16|10.1016/j.chemosphere.2020.126493,1.09,1.64,2.19,0.36,134.64,0.77,289.67,0.15,55.09
drinkingwater,1247,0.2,5000,10.1016/j.chemosphere.2020.126493,A|10.1016/j.chemosphere.2020.126493,17|10.1016/j.chemosphere.2020.126493,1.09,1.64,2.19,0.36,448.92,0.77,965.82,0.15,183.69
drinkingwater,623,0.2,5000,10.1016/j.chemosphere.2020.126493,A|10.1016/j.chemosphere.2020.126493,18|10.1016/j.chemosphere.2020.126493,1.09,1.64,2.19,0.36,224.28,0.77,482.52,0.15,91.77
drinkingwater,499,0.2,5000,10.1016/j.chemosphere.2020.126493,A|10.1016/j.chemosphere.2020.126493,19|10.1016/j.chemosphere.2020.126493,1.09,1.64,2.19,0.36,179.64,0.77,386.48,0.15,73.5
drinkingwater,374,0.2,5000,10.1016/j.chemosphere.2020.126493,A|10.1016/j.chemosphere.2020.126493,20|10.1016/j.chemosphere.2020.126493,1.09,1.64,2.19,0.36,134.64,0.77,289.67,0.15,55.09
drinkingwater,125,0.2,5000,10.1016/j.chemosphere.2020.126493,A|10.1016/j.chemosphere.2020.126493,21|10.1016/j.chemosphere.2020.126493,1.09,1.64,2.19,0.36,45,0.77,96.81,0.15,18.41
drinkingwater,499,0.2,5000,10.1016/j.chemosphere.2020.126493,A|10.1016/j.chemosphere.2020.126493,22|10.1016/j.chemosphere.2020.126493,1.09,1.64,2.19,0.36,179.64,0.77,386.48,0.15,73.5
drinkingwater,249,0.2,5000,10.1016/j.chemosphere.2020.126493,A|10.1016/j.chemosphere.2020.126493,23|10.1016/j.chemosphere.2020.126493,1.09,1.64,2.19,0.36,89.64,0.77,192.85,0.15,36.68
drinkingwater,499,0.2,5000,10.1016/j.chemosphere.2020.126493,A|10.1016/j.chemosphere.2020.126493,24|10.1016/j.chemosphere.2020.126493,1.09,1.64,2.19,0.36,179.64,0.77,386.48,0.15,73.5
drinkingwater,249,0.2,5000,10.1016/j.chemosphere.2020.126493,A|10.1016/j.chemosphere.2020.126493,25|10.1016/j.chemosphere.2020.126493,1.09,1.64,2.19,0.36,89.64,0.77,192.85,0.15,36.68
drinkingwater,0,0.2,5000,10.1016/j.chemosphere.2020.126493,A|10.1016/j.chemosphere.2020.126493,26|10.1016/j.chemosphere.2020.126493,1.09,1.64,2.19,0.36,0,0.77,0,0.15,0
drinkingwater,1247,0.2,5000,10.1016/j.chemosphere.2020.126493,A|10.1016/j.chemosphere.2020.126493,27|10.1016/j.chemosphere.2020.126493,1.09,1.64,2.19,0.36,448.92,0.77,965.82,0.15,183.69
drinkingwater,374,0.2,5000,10.1016/j.chemosphere.2020.126493,A|10.1016/j.chemosphere.2020.126493,28|10.1016/j.chemosphere.2020.126493,1.09,1.64,2.19,0.36,134.64,0.77,289.67,0.15,55.09
drinkingwater,623,0.2,5000,10.1016/j.chemosphere.2020.126493,A|10.1016/j.chemosphere.2020.126493,29|10.1016/j.chemosphere.2020.126493,1.09,1.64,2.19,0.36,224.28,0.77,482.52,0.15,91.77
drinkingwater,499,0.2,5000,10.1016/j.chemosphere.2020.126493,A|10.1016/j.chemosphere.2020.126493,30|10.1016/j.chemosphere.2020.126493,1.09,1.64,2.19,0.36,179.64,0.77,386.48,0.15,73.5
drinkingwater,499,0.2,5000,10.1016/j.chemosphere.2020.126493,A|10.1016/j.chemosphere.2020.126493,31|10.1016/j.chemosphere.2020.126493,1.09,1.64,2.19,0.36,179.64,0.77,386.48,0.15,73.5
drinkingwater,374,0.2,5000,10.1016/j.chemosphere.2020.126493,A|10.1016/j.chemosphere.2020.126493,32|10.1016/j.chemosphere.2020.126493,1.09,1.64,2.19,0.36,134.64,0.77,289.67,0.15,55.09
drinkingwater,748,0.2,5000,10.1016/j.chemosphere.2020.126493,A|10.1016/j.chemosphere.2020.126493,33|10.1016/j.chemosphere.2020.126493,1.09,1.64,2.19,0.36,269.28,0.77,579.34,0.15,110.18
drinkingwater,623,0.2,5000,10.1016/j.chemosphere.2020.126493,A|10.1016/j.chemosphere.2020.126493,34|10.1016/j.chemosphere.2020.126493,1.09,1.64,2.19,0.36,224.28,0.77,482.52,0.15,91.77
drinkingwater,249,0.2,5000,10.1016/j.chemosphere.2020.126493,A|10.1016/j.chemosphere.2020.126493,35|10.1016/j.chemosphere.2020.126493,1.09,1.64,2.19,0.36,89.64,0.77,192.85,0.15,36.68
drinkingwater,374,0.2,5000,10.1016/j.chemosphere.2020.126493,A|10.1016/j.chemosphere.2020.126493,36|10.1016/j.chemosphere.2020.126493,1.09,1.64,2.19,0.36,134.64,0.77,289.67,0.15,55.09
drinkingwater,249,0.2,5000,10.1016/j.chemosphere.2020.126493,A|10.1016/j.chemosphere.2020.126493,37|10.1016/j.chemosphere.2020.126493,1.09,1.64,2.19,0.36,89.64,0.77,192.85,0.15,36.68
drinkingwater,748,0.2,5000,10.1016/j.chemosphere.2020.126493,A|10.1016/j.chemosphere.2020.126493,38|10.1016/j.chemosphere.2020.126493,1.09,1.64,2.19,0.36,269.28,0.77,579.34,0.15,110.18
drinkingwater,282,0.2,5000,10.1007/s11356-021-13769-x,April_DWTP|10.1007/s11356-021-13769-x,N/A,1.09,1.64,2.19,0.36,101.52,0.77,218.41,0.15,41.54
drinkingwater,267,0.2,5000,10.1007/s11356-021-13769-x,April_Tap|10.1007/s11356-021-13769-x,N/A,1.09,1.64,2.19,0.36,96.12,0.77,206.8,0.15,39.33
drinkingwater,338,0.2,5000,10.1007/s11356-021-13769-x,May_DWTP|10.1007/s11356-021-13769-x,N/A,1.09,1.64,2.19,0.36,121.68,0.77,261.79,0.15,49.79
drinkingwater,321,0.2,5000,10.1007/s11356-021-13769-x,May_Tap|10.1007/s11356-021-13769-x,N/A,1.09,1.64,2.19,0.36,115.56,0.77,248.62,0.15,47.28
drinkingwater,388,0.2,5000,10.1007/s11356-021-13769-x,June_DWTP|10.1007/s11356-021-13769-x,N/A,1.09,1.64,2.19,0.36,139.68,0.77,300.51,0.15,57.15
drinkingwater,381,0.2,5000,10.1007/s11356-021-13769-x,June_Tap|10.1007/s11356-021-13769-x,N/A,1.09,1.64,2.19,0.36,137.16,0.77,295.09,0.15,56.12
drinkingwater,400,0.2,5000,10.1007/s11356-021-13769-x,July_DWTP|10.1007/s11356-021-13769-x,N/A,1.09,1.64,2.19,0.36,144,0.77,309.81,0.15,58.92
drinkingwater,405,0.2,5000,10.1007/s11356-021-13769-x,July_Tap|10.1007/s11356-021-13769-x,N/A,1.09,1.64,2.19,0.36,145.8,0.77,313.68,0.15,59.66
drinkingwater,0.2,0.2,5000,10.1016/j.scitotenv.2022.154015,1|10.1016/j.scitotenv.2022.154015,N/A,1.09,1.64,2.19,0.36,0.07,0.77,0.15,0.15,0.03
drinkingwater,20,0.22,5000,10.1016/j.envpol.2020.114227,1|10.1016/j.envpol.2020.114227,N/A,1.09,1.64,2.19,0.38,7.6,0.79,15.71,0.16,3.3
drinkingwater,13,0.22,5000,10.1016/j.envpol.2020.114227,2|10.1016/j.envpol.2020.114227,N/A,1.09,1.64,2.19,0.38,4.94,0.79,10.21,0.16,2.14
drinkingwater,17,0.22,5000,10.1016/j.envpol.2020.114227,3|10.1016/j.envpol.2020.114227,N/A,1.09,1.64,2.19,0.38,6.46,0.79,13.36,0.16,2.8
drinkingwater,14,0.22,5000,10.1016/j.envpol.2020.114227,4|10.1016/j.envpol.2020.114227,N/A,1.09,1.64,2.19,0.38,5.32,0.79,11,0.16,2.31
drinkingwater,60,0.22,5000,10.1016/j.envpol.2020.114227,5|10.1016/j.envpol.2020.114227,N/A,1.09,1.64,2.19,0.38,22.8,0.79,47.14,0.16,9.9
drinkingwater,13,0.22,5000,10.1016/j.envpol.2020.114227,6|10.1016/j.envpol.2020.114227,N/A,1.09,1.64,2.19,0.38,4.94,0.79,10.21,0.16,2.14
drinkingwater,15,0.22,5000,10.1016/j.envpol.2020.114227,7|10.1016/j.envpol.2020.114227,N/A,1.09,1.64,2.19,0.38,5.7,0.79,11.79,0.16,2.47
drinkingwater,18,0.22,5000,10.1016/j.envpol.2020.114227,8|10.1016/j.envpol.2020.114227,N/A,1.09,1.64,2.19,0.38,6.84,0.79,14.14,0.16,2.97
drinkingwater,37,0.22,5000,10.1016/j.envpol.2020.114227,9|10.1016/j.envpol.2020.114227,N/A,1.09,1.64,2.19,0.38,14.06,0.79,29.07,0.16,6.1
drinkingwater,34,0.22,5000,10.1016/j.envpol.2020.114227,10|10.1016/j.envpol.2020.114227,N/A,1.09,1.64,2.19,0.38,12.92,0.79,26.72,0.16,5.61
drinkingwater,38,0.22,5000,10.1016/j.envpol.2020.114227,11|10.1016/j.envpol.2020.114227,N/A,1.09,1.64,2.19,0.38,14.44,0.79,29.86,0.16,6.27
drinkingwater,60,0.22,5000,10.1016/j.envpol.2020.114227,12|10.1016/j.envpol.2020.114227,N/A,1.09,1.64,2.19,0.38,22.8,0.79,47.14,0.16,9.9
drinkingwater,7,0.22,5000,10.1016/j.envpol.2020.114227,13|10.1016/j.envpol.2020.114227,N/A,1.09,1.64,2.19,0.38,2.66,0.79,5.5,0.16,1.15
drinkingwater,25,0.22,5000,10.1016/j.envpol.2020.114227,14|10.1016/j.envpol.2020.114227,N/A,1.09,1.64,2.19,0.38,9.5,0.79,19.64,0.16,4.12
drinkingwater,22,0.22,5000,10.1016/j.envpol.2020.114227,15|10.1016/j.envpol.2020.114227,N/A,1.09,1.64,2.19,0.38,8.36,0.79,17.29,0.16,3.63
drinkingwater,15,0.22,5000,10.1016/j.envpol.2020.114227,16|10.1016/j.envpol.2020.114227,N/A,1.09,1.64,2.19,0.38,5.7,0.79,11.79,0.16,2.47
drinkingwater,7,0.22,5000,10.1016/j.envpol.2020.114227,17|10.1016/j.envpol.2020.114227,N/A,1.09,1.64,2.19,0.38,2.66,0.79,5.5,0.16,1.15
drinkingwater,37,0.22,5000,10.1016/j.envpol.2020.114227,18|10.1016/j.envpol.2020.114227,N/A,1.09,1.64,2.19,0.38,14.06,0.79,29.07,0.16,6.1
drinkingwater,9,0.22,5000,10.1016/j.envpol.2020.114227,19|10.1016/j.envpol.2020.114227,N/A,1.09,1.64,2.19,0.38,3.42,0.79,7.07,0.16,1.48
drinkingwater,6,0.22,5000,10.1016/j.envpol.2020.114227,20|10.1016/j.envpol.2020.114227,N/A,1.09,1.64,2.19,0.38,2.28,0.79,4.71,0.16,0.99
drinkingwater,7,0.22,5000,10.1016/j.envpol.2020.114227,21|10.1016/j.envpol.2020.114227,N/A,1.09,1.64,2.19,0.38,2.66,0.79,5.5,0.16,1.15
drinkingwater,8,0.22,5000,10.1016/j.envpol.2020.114227,22|10.1016/j.envpol.2020.114227,N/A,1.09,1.64,2.19,0.38,3.04,0.79,6.29,0.16,1.32
drinkingwater,14,0.22,5000,10.1016/j.envpol.2020.114227,23|10.1016/j.envpol.2020.114227,N/A,1.09,1.64,2.19,0.38,5.32,0.79,11,0.16,2.31
drinkingwater,8,0.22,5000,10.1016/j.envpol.2020.114227,24|10.1016/j.envpol.2020.114227,N/A,1.09,1.64,2.19,0.38,3.04,0.79,6.29,0.16,1.32
drinkingwater,8,0.22,5000,10.1016/j.envpol.2020.114227,25|10.1016/j.envpol.2020.114227,N/A,1.09,1.64,2.19,0.38,3.04,0.79,6.29,0.16,1.32
drinkingwater,7,0.22,5000,10.1016/j.envpol.2020.114227,26|10.1016/j.envpol.2020.114227,N/A,1.09,1.64,2.19,0.38,2.66,0.79,5.5,0.16,1.15
drinkingwater,13,0.22,5000,10.1016/j.envpol.2020.114227,27|10.1016/j.envpol.2020.114227,N/A,1.09,1.64,2.19,0.38,4.94,0.79,10.21,0.16,2.14
drinkingwater,8,0.22,5000,10.1016/j.envpol.2020.114227,28|10.1016/j.envpol.2020.114227,N/A,1.09,1.64,2.19,0.38,3.04,0.79,6.29,0.16,1.32
drinkingwater,6,0.22,5000,10.1016/j.envpol.2020.114227,29|10.1016/j.envpol.2020.114227,N/A,1.09,1.64,2.19,0.38,2.28,0.79,4.71,0.16,0.99
drinkingwater,10,0.22,5000,10.1016/j.envpol.2020.114227,30|10.1016/j.envpol.2020.114227,N/A,1.09,1.64,2.19,0.38,3.8,0.79,7.86,0.16,1.65
drinkingwater,23,0.22,5000,10.1016/j.envpol.2020.114227,31|10.1016/j.envpol.2020.114227,N/A,1.09,1.64,2.19,0.38,8.74,0.79,18.07,0.16,3.79
drinkingwater,15,0.22,5000,10.1016/j.envpol.2020.114227,32|10.1016/j.envpol.2020.114227,N/A,1.09,1.64,2.19,0.38,5.7,0.79,11.79,0.16,2.47
drinkingwater,13,0.22,5000,10.1016/j.envpol.2020.114227,33|10.1016/j.envpol.2020.114227,N/A,1.09,1.64,2.19,0.38,4.94,0.79,10.21,0.16,2.14
drinkingwater,9,0.22,5000,10.1016/j.envpol.2020.114227,34|10.1016/j.envpol.2020.114227,N/A,1.09,1.64,2.19,0.38,3.42,0.79,7.07,0.16,1.48
drinkingwater,10,0.22,5000,10.1016/j.envpol.2020.114227,35|10.1016/j.envpol.2020.114227,N/A,1.09,1.64,2.19,0.38,3.8,0.79,7.86,0.16,1.65
drinkingwater,28,0.22,5000,10.1016/j.envpol.2020.114227,36|10.1016/j.envpol.2020.114227,N/A,1.09,1.64,2.19,0.38,10.64,0.79,22,0.16,4.62
drinkingwater,5,0.22,5000,10.1016/j.envpol.2020.114227,37|10.1016/j.envpol.2020.114227,N/A,1.09,1.64,2.19,0.38,1.9,0.79,3.93,0.16,0.82
drinkingwater,8,0.22,5000,10.1016/j.envpol.2020.114227,38|10.1016/j.envpol.2020.114227,N/A,1.09,1.64,2.19,0.38,3.04,0.79,6.29,0.16,1.32
drinkingwater,10,0.22,5000,10.1016/j.envpol.2020.114227,39|10.1016/j.envpol.2020.114227,N/A,1.09,1.64,2.19,0.38,3.8,0.79,7.86,0.16,1.65
drinkingwater,7,0.22,5000,10.1016/j.envpol.2020.114227,40|10.1016/j.envpol.2020.114227,N/A,1.09,1.64,2.19,0.38,2.66,0.79,5.5,0.16,1.15
drinkingwater,7,0.22,5000,10.1016/j.envpol.2020.114227,41|10.1016/j.envpol.2020.114227,N/A,1.09,1.64,2.19,0.38,2.66,0.79,5.5,0.16,1.15
drinkingwater,91,0.22,5000,10.1016/j.envpol.2020.114227,42|10.1016/j.envpol.2020.114227,N/A,1.09,1.64,2.19,0.38,34.58,0.79,71.5,0.16,15.01
drinkingwater,930,0.22,5000,10.1016/j.scitotenv.2019.134520,Finished|10.1016/j.scitotenv.2019.134520,N/A,1.09,1.64,2.19,0.38,353.4,0.79,730.74,0.16,153.44
drinkingwater,10,0.4,5000,10.1016/j.jwpe.2020.101884,Lao Shann|10.1016/j.jwpe.2020.101884,N/A,1.09,1.64,2.19,0.56,5.6,0.86,8.62,0.34,3.36
drinkingwater,34,0.4,5000,10.1016/j.jwpe.2020.101884,VOSS|10.1016/j.jwpe.2020.101884,N/A,1.09,1.64,2.19,0.56,19.04,0.86,29.3,0.34,11.43
drinkingwater,36,0.4,5000,10.1016/j.jwpe.2020.101884,Master_kong|10.1016/j.jwpe.2020.101884,N/A,1.09,1.64,2.19,0.56,20.16,0.86,31.02,0.34,12.1
drinkingwater,44,0.4,5000,10.1016/j.jwpe.2020.101884,Kun_Lun_Shan|10.1016/j.jwpe.2020.101884,N/A,1.09,1.64,2.19,0.56,24.64,0.86,37.91,0.34,14.79
drinkingwater,28,0.4,5000,10.1016/j.jwpe.2020.101884,Wahaha|10.1016/j.jwpe.2020.101884,N/A,1.09,1.64,2.19,0.56,15.68,0.86,24.13,0.34,9.41
drinkingwater,10,0.4,5000,10.1016/j.jwpe.2020.101884,C'estbon|10.1016/j.jwpe.2020.101884,N/A,1.09,1.64,2.19,0.56,5.6,0.86,8.62,0.34,3.36
drinkingwater,14,0.4,5000,10.1016/j.jwpe.2020.101884,Run_Tian_Cui|10.1016/j.jwpe.2020.101884,N/A,1.09,1.64,2.19,0.56,7.84,0.86,12.06,0.34,4.71
drinkingwater,8,0.4,5000,10.1016/j.jwpe.2020.101884,Ever_Grande|10.1016/j.jwpe.2020.101884,N/A,1.09,1.64,2.19,0.56,4.48,0.86,6.89,0.34,2.69
drinkingwater,4,0.4,5000,10.1016/j.jwpe.2020.101884,Ocean_AQUA|10.1016/j.jwpe.2020.101884,N/A,1.09,1.64,2.19,0.56,2.24,0.86,3.45,0.34,1.34
drinkingwater,12,0.4,5000,10.1016/j.jwpe.2020.101884,Ganten_Mineral_Water|10.1016/j.jwpe.2020.101884,N/A,1.09,1.64,2.19,0.56,6.72,0.86,10.34,0.34,4.03
drinkingwater,18,0.4,5000,10.1016/j.jwpe.2020.101884,Nong_Fu|10.1016/j.jwpe.2020.101884,N/A,1.09,1.64,2.19,0.56,10.08,0.86,15.51,0.34,6.05
drinkingwater,10,0.4,5000,10.1016/j.jwpe.2020.101884,Tibet_Ge_Sang|10.1016/j.jwpe.2020.101884,N/A,1.09,1.64,2.19,0.56,5.6,0.86,8.62,0.34,3.36
drinkingwater,24,0.4,5000,10.1016/j.jwpe.2020.101884,ALKAO.UA|10.1016/j.jwpe.2020.101884,N/A,1.09,1.64,2.19,0.56,13.44,0.86,20.68,0.34,8.07
drinkingwater,28,0.4,5000,10.1016/j.jwpe.2020.101884,Ban_Ma|10.1016/j.jwpe.2020.101884,N/A,1.09,1.64,2.19,0.56,15.68,0.86,24.13,0.34,9.41
drinkingwater,14,0.4,5000,10.1016/j.jwpe.2020.101884,Shi_Lin|10.1016/j.jwpe.2020.101884,N/A,1.09,1.64,2.19,0.56,7.84,0.86,12.06,0.34,4.71
drinkingwater,14,0.4,5000,10.1016/j.jwpe.2020.101884,LAVA|10.1016/j.jwpe.2020.101884,N/A,1.09,1.64,2.19,0.56,7.84,0.86,12.06,0.34,4.71
drinkingwater,32,0.4,5000,10.1016/j.jwpe.2020.101884,Watsons|10.1016/j.jwpe.2020.101884,N/A,1.09,1.64,2.19,0.56,17.92,0.86,27.57,0.34,10.75
drinkingwater,6,0.4,5000,10.1016/j.jwpe.2020.101884,Hui_Shan_Gu|10.1016/j.jwpe.2020.101884,N/A,1.09,1.64,2.19,0.56,3.36,0.86,5.17,0.34,2.02
drinkingwater,6,0.4,5000,10.1016/j.jwpe.2020.101884,Nong_Shi|10.1016/j.jwpe.2020.101884,N/A,1.09,1.64,2.19,0.56,3.36,0.86,5.17,0.34,2.02
drinkingwater,10,0.4,5000,10.1016/j.jwpe.2020.101884,Jin_Mai_lang|10.1016/j.jwpe.2020.101884,N/A,1.09,1.64,2.19,0.56,5.6,0.86,8.62,0.34,3.36
drinkingwater,4,0.4,5000,10.1016/j.jwpe.2020.101884,Ganten_Purified_Water|10.1016/j.jwpe.2020.101884,N/A,1.09,1.64,2.19,0.56,2.24,0.86,3.45,0.34,1.34
drinkingwater,44,0.4,5000,10.1016/j.jwpe.2020.101884,Nestle_Pure_Life|10.1016/j.jwpe.2020.101884,N/A,1.09,1.64,2.19,0.56,24.64,0.86,37.91,0.34,14.79
drinkingwater,16,0.4,5000,10.1016/j.jwpe.2020.101884,Tian_Di_Jing_Hua|10.1016/j.jwpe.2020.101884,N/A,1.09,1.64,2.19,0.56,8.96,0.86,13.79,0.34,5.38
drinkingwater,30.57,0.45,5000,10.1039/c6ay01184e,1|10.1039/c6ay01184e,N/A,1.09,1.64,2.19,0.6,18.34,0.88,26.84,0.39,11.82
drinkingwater,3,0.45,5000,10.1039/c6ay01184e,2|10.1039/c6ay01184e,N/A,1.09,1.64,2.19,0.6,1.8,0.88,2.63,0.39,1.16
drinkingwater,6,0.45,5000,10.18520/cs/v117/i11/1874-1879,C|10.18520/cs/v117/i11/1874-1879,N/A,1.09,1.64,2.19,0.6,3.6,0.88,5.27,0.39,2.32
drinkingwater,5,0.45,5000,10.18520/cs/v117/i11/1874-1879,B1|10.18520/cs/v117/i11/1874-1879,N/A,1.09,1.64,2.19,0.6,3,0.88,4.39,0.39,1.93
drinkingwater,5,0.45,5000,10.18520/cs/v117/i11/1874-1879,B2|10.18520/cs/v117/i11/1874-1879,N/A,1.09,1.64,2.19,0.6,3,0.88,4.39,0.39,1.93
drinkingwater,5,0.45,5000,10.18520/cs/v117/i11/1874-1879,B3|10.18520/cs/v117/i11/1874-1879,N/A,1.09,1.64,2.19,0.6,3,0.88,4.39,0.39,1.93
drinkingwater,5,0.45,5000,10.18520/cs/v117/i11/1874-1879,B4|10.18520/cs/v117/i11/1874-1879,N/A,1.09,1.64,2.19,0.6,3,0.88,4.39,0.39,1.93
drinkingwater,2,0.45,5000,10.18520/cs/v117/i11/1874-1879,B5|10.18520/cs/v117/i11/1874-1879,N/A,1.09,1.64,2.19,0.6,1.2,0.88,1.76,0.39,0.77
drinkingwater,610,0.45,5000,10.1016/j.scitotenv.2021.150545,A_BioTreatment|10.1016/j.scitotenv.2021.150545,A_BioTreatment_PE|10.1016/j.scitotenv.2021.150545,1.09,1.64,2.19,0.6,366,0.88,535.48,0.39,235.85
drinkingwater,1042.6,0.45,5000,10.1016/j.scitotenv.2021.150545,A_BioTreatment|10.1016/j.scitotenv.2021.150545,A_BioTreatment_PP|10.1016/j.scitotenv.2021.150545,1.09,1.64,2.19,0.6,625.56,0.88,915.23,0.39,403.12
drinkingwater,560,0.45,5000,10.1016/j.scitotenv.2021.150545,A_BioTreatment|10.1016/j.scitotenv.2021.150545,A_BioTreatment_PVC|10.1016/j.scitotenv.2021.150545,1.09,1.64,2.19,0.6,336,0.88,491.58,0.39,216.52
drinkingwater,1186,0.45,5000,10.1016/j.scitotenv.2021.150545,A_Sedimentation|10.1016/j.scitotenv.2021.150545,A_Sedimentation_PE|10.1016/j.scitotenv.2021.150545,1.09,1.64,2.19,0.6,711.6,0.88,1041.11,0.39,458.56
drinkingwater,1489,0.45,5000,10.1016/j.scitotenv.2021.150545,A_Sedimentation|10.1016/j.scitotenv.2021.150545,A_Sedimentation_PP|10.1016/j.scitotenv.2021.150545,1.09,1.64,2.19,0.6,893.4,0.88,1307.09,0.39,575.71
drinkingwater,100.4,0.45,5000,10.1016/j.scitotenv.2021.150545,A_Sedimentation|10.1016/j.scitotenv.2021.150545,A_Sedimentation_PVC|10.1016/j.scitotenv.2021.150545,1.09,1.64,2.19,0.6,60.24,0.88,88.13,0.39,38.82
drinkingwater,353.2,0.45,5000,10.1016/j.scitotenv.2021.150545,A_Ozonation|10.1016/j.scitotenv.2021.150545,A_Ozonation_PE|10.1016/j.scitotenv.2021.150545,1.09,1.64,2.19,0.6,211.92,0.88,310.05,0.39,136.56
drinkingwater,1721.2,0.45,5000,10.1016/j.scitotenv.2021.150545,A_Ozonation|10.1016/j.scitotenv.2021.150545,A_Ozonation_PP|10.1016/j.scitotenv.2021.150545,1.09,1.64,2.19,0.6,1032.72,0.88,1510.92,0.39,665.49
drinkingwater,650,0.45,5000,10.1016/j.scitotenv.2021.150545,A_Ozonation|10.1016/j.scitotenv.2021.150545,A_Ozonation_PVC|10.1016/j.scitotenv.2021.150545,1.09,1.64,2.19,0.6,390,0.88,570.59,0.39,251.32
drinkingwater,271.2,0.45,5000,10.1016/j.scitotenv.2021.150545,A_BAC|10.1016/j.scitotenv.2021.150545,A_BAC_PE|10.1016/j.scitotenv.2021.150545,1.09,1.64,2.19,0.6,162.72,0.88,238.07,0.39,104.86
drinkingwater,200.5,0.45,5000,10.1016/j.scitotenv.2021.150545,A_BAC|10.1016/j.scitotenv.2021.150545,A_BAC_PP|10.1016/j.scitotenv.2021.150545,1.09,1.64,2.19,0.6,120.3,0.88,176,0.39,77.52
drinkingwater,200.5,0.45,5000,10.1016/j.scitotenv.2021.150545,A_BAC|10.1016/j.scitotenv.2021.150545,A_BAC_PVC|10.1016/j.scitotenv.2021.150545,1.09,1.64,2.19,0.6,120.3,0.88,176,0.39,77.52
drinkingwater,62.7,0.45,5000,10.1016/j.scitotenv.2021.150545,A_Flocc|10.1016/j.scitotenv.2021.150545,A_Flocc_PE|10.1016/j.scitotenv.2021.150545,1.09,1.64,2.19,0.6,37.62,0.88,55.04,0.39,24.24
drinkingwater,774.1,0.45,5000,10.1016/j.scitotenv.2021.150545,A_Flocc|10.1016/j.scitotenv.2021.150545,A_Flocc_PP|10.1016/j.scitotenv.2021.150545,1.09,1.64,2.19,0.6,464.46,0.88,679.53,0.39,299.3
drinkingwater,200.8,0.45,5000,10.1016/j.scitotenv.2021.150545,A_Flocc|10.1016/j.scitotenv.2021.150545,A_Flocc_PVC|10.1016/j.scitotenv.2021.150545,1.09,1.64,2.19,0.6,120.48,0.88,176.27,0.39,77.64
drinkingwater,280.6,0.45,5000,10.1016/j.scitotenv.2021.150545,A_Sand|10.1016/j.scitotenv.2021.150545,A_Sand_PE|10.1016/j.scitotenv.2021.150545,1.09,1.64,2.19,0.6,168.36,0.88,246.32,0.39,108.49
drinkingwater,260.4,0.45,5000,10.1016/j.scitotenv.2021.150545,A_Sand|10.1016/j.scitotenv.2021.150545,A_Sand_PP|10.1016/j.scitotenv.2021.150545,1.09,1.64,2.19,0.6,156.24,0.88,228.59,0.39,100.68
drinkingwater,200,0.45,5000,10.1016/j.scitotenv.2021.150545,A_Sand|10.1016/j.scitotenv.2021.150545,A_Sand_PVC|10.1016/j.scitotenv.2021.150545,1.09,1.64,2.19,0.6,120,0.88,175.57,0.39,77.33
drinkingwater,180.1,0.45,5000,10.1016/j.scitotenv.2021.150545,A_Treated|10.1016/j.scitotenv.2021.150545,A_Treated_PE|10.1016/j.scitotenv.2021.150545,1.09,1.64,2.19,0.6,108.06,0.88,158.1,0.39,69.63
drinkingwater,200.1,0.45,5000,10.1016/j.scitotenv.2021.150545,A_Treated|10.1016/j.scitotenv.2021.150545,A_Treated_PP|10.1016/j.scitotenv.2021.150545,1.09,1.64,2.19,0.6,120.06,0.88,175.65,0.39,77.37
drinkingwater,90,0.45,5000,10.1016/j.scitotenv.2021.150545,A_Treated|10.1016/j.scitotenv.2021.150545,A_Treated_PVC|10.1016/j.scitotenv.2021.150545,1.09,1.64,2.19,0.6,54,0.88,79,0.39,34.8
drinkingwater,394.1,0.45,5000,10.1016/j.scitotenv.2021.150545,B_BioTreatment|10.1016/j.scitotenv.2021.150545,B_BioTreatment_PA|10.1016/j.scitotenv.2021.150545,1.09,1.64,2.19,0.6,236.46,0.88,345.95,0.39,152.38
drinkingwater,1092.3,0.45,5000,10.1016/j.scitotenv.2021.150545,B_BioTreatment|10.1016/j.scitotenv.2021.150545,B_BioTreatment_VINYL|10.1016/j.scitotenv.2021.150545,1.09,1.64,2.19,0.6,655.38,0.88,958.85,0.39,422.33
drinkingwater,2030,0.45,5000,10.1016/j.scitotenv.2021.150545,B_BioTreatment|10.1016/j.scitotenv.2021.150545,B_BioTreatment_VINYON|10.1016/j.scitotenv.2021.150545,1.09,1.64,2.19,0.6,1218,0.88,1782,0.39,784.89
drinkingwater,451.3,0.45,5000,10.1016/j.scitotenv.2021.150545,B_Sedimentation|10.1016/j.scitotenv.2021.150545,B_Sedimentation_PA|10.1016/j.scitotenv.2021.150545,1.09,1.64,2.19,0.6,270.78,0.88,396.16,0.39,174.49
drinkingwater,1042,0.45,5000,10.1016/j.scitotenv.2021.150545,B_Sedimentation|10.1016/j.scitotenv.2021.150545,B_Sedimentation_VINYL|10.1016/j.scitotenv.2021.150545,1.09,1.64,2.19,0.6,625.2,0.88,914.7,0.39,402.88
drinkingwater,504.1,0.45,5000,10.1016/j.scitotenv.2021.150545,B_Sedimentation|10.1016/j.scitotenv.2021.150545,B_Sedimentation_VINYON|10.1016/j.scitotenv.2021.150545,1.09,1.64,2.19,0.6,302.46,0.88,442.51,0.39,194.91
drinkingwater,300,0.45,5000,10.1016/j.scitotenv.2021.150545,B_Ozonation|10.1016/j.scitotenv.2021.150545,B_Ozonation_PA|10.1016/j.scitotenv.2021.150545,1.09,1.64,2.19,0.6,180,0.88,263.35,0.39,115.99
drinkingwater,252,0.45,5000,10.1016/j.scitotenv.2021.150545,B_Ozonation|10.1016/j.scitotenv.2021.150545,B_Ozonation_VINYL|10.1016/j.scitotenv.2021.150545,1.09,1.64,2.19,0.6,151.2,0.88,221.21,0.39,97.43
drinkingwater,552.4,0.45,5000,10.1016/j.scitotenv.2021.150545,B_Ozonation|10.1016/j.scitotenv.2021.150545,B_Ozonation_VINYON|10.1016/j.scitotenv.2021.150545,1.09,1.64,2.19,0.6,331.44,0.88,484.91,0.39,213.58
drinkingwater,413.2,0.45,5000,10.1016/j.scitotenv.2021.150545,B_BAC|10.1016/j.scitotenv.2021.150545,B_BAC_PA|10.1016/j.scitotenv.2021.150545,1.09,1.64,2.19,0.6,247.92,0.88,362.72,0.39,159.76
drinkingwater,230,0.45,5000,10.1016/j.scitotenv.2021.150545,B_BAC|10.1016/j.scitotenv.2021.150545,B_BAC_VINYL|10.1016/j.scitotenv.2021.150545,1.09,1.64,2.19,0.6,138,0.88,201.9,0.39,88.93
drinkingwater,232,0.45,5000,10.1016/j.scitotenv.2021.150545,B_BAC|10.1016/j.scitotenv.2021.150545,B_BAC_VINYON|10.1016/j.scitotenv.2021.150545,1.09,1.64,2.19,0.6,139.2,0.88,203.66,0.39,89.7
drinkingwater,276.4,0.45,5000,10.1016/j.scitotenv.2021.150545,B_Flocc|10.1016/j.scitotenv.2021.150545,B_Flocc_PA|10.1016/j.scitotenv.2021.150545,1.09,1.64,2.19,0.6,165.84,0.88,242.63,0.39,106.87
drinkingwater,140,0.45,5000,10.1016/j.scitotenv.2021.150545,B_Flocc|10.1016/j.scitotenv.2021.150545,B_Flocc_VINYL|10.1016/j.scitotenv.2021.150545,1.09,1.64,2.19,0.6,84,0.88,122.9,0.39,54.13
drinkingwater,161.5,0.45,5000,10.1016/j.scitotenv.2021.150545,B_Flocc|10.1016/j.scitotenv.2021.150545,B_Flocc_VINYON|10.1016/j.scitotenv.2021.150545,1.09,1.64,2.19,0.6,96.9,0.88,141.77,0.39,62.44
drinkingwater,150.3,0.45,5000,10.1016/j.scitotenv.2021.150545,B_Sand|10.1016/j.scitotenv.2021.150545,B_Sand_PA|10.1016/j.scitotenv.2021.150545,1.09,1.64,2.19,0.6,90.18,0.88,131.94,0.39,58.11
drinkingwater,130.1,0.45,5000,10.1016/j.scitotenv.2021.150545,B_Sand|10.1016/j.scitotenv.2021.150545,B_Sand_VINYL|10.1016/j.scitotenv.2021.150545,1.09,1.64,2.19,0.6,78.06,0.88,114.21,0.39,50.3
drinkingwater,55,0.45,5000,10.1016/j.scitotenv.2021.150545,B_Sand|10.1016/j.scitotenv.2021.150545,B_Sand_VINYON|10.1016/j.scitotenv.2021.150545,1.09,1.64,2.19,0.6,33,0.88,48.28,0.39,21.27
drinkingwater,160,0.45,5000,10.1016/j.scitotenv.2021.150545,B_Treated|10.1016/j.scitotenv.2021.150545,B_Treated_PA|10.1016/j.scitotenv.2021.150545,1.09,1.64,2.19,0.6,96,0.88,140.45,0.39,61.86
drinkingwater,0.1,0.45,5000,10.1016/j.scitotenv.2021.150545,B_Treated|10.1016/j.scitotenv.2021.150545,B_Treated_VINYL|10.1016/j.scitotenv.2021.150545,1.09,1.64,2.19,0.6,0.06,0.88,0.09,0.39,0.04
drinkingwater,30,0.45,5000,10.1016/j.scitotenv.2021.150545,B_Treated|10.1016/j.scitotenv.2021.150545,B_Treated_VINYON|10.1016/j.scitotenv.2021.150545,1.09,1.64,2.19,0.6,18,0.88,26.33,0.39,11.6
drinkingwater,0.15,0.45,5000,10.1016/j.scitotenv.2021.150545,C_BioTreatment|10.1016/j.scitotenv.2021.150545,C_BioTreatment_PET|10.1016/j.scitotenv.2021.150545,1.09,1.64,2.19,0.6,0.09,0.88,0.13,0.39,0.06
drinkingwater,0.2,0.45,5000,10.1016/j.scitotenv.2021.150545,C_BioTreatment|10.1016/j.scitotenv.2021.150545,C_BioTreatment_VINYL|10.1016/j.scitotenv.2021.150545,1.09,1.64,2.19,0.6,0.12,0.88,0.18,0.39,0.08
drinkingwater,0.25,0.45,5000,10.1016/j.scitotenv.2021.150545,C_BioTreatment|10.1016/j.scitotenv.2021.150545,C_BioTreatment_OTHERS|10.1016/j.scitotenv.2021.150545,1.09,1.64,2.19,0.6,0.15,0.88,0.22,0.39,0.1
drinkingwater,0.05,0.45,5000,10.1016/j.scitotenv.2021.150545,C_Sedimentation|10.1016/j.scitotenv.2021.150545,C_Sedimentation_PET|10.1016/j.scitotenv.2021.150545,1.09,1.64,2.19,0.6,0.03,0.88,0.04,0.39,0.02
drinkingwater,0.07,0.45,5000,10.1016/j.scitotenv.2021.150545,C_Sedimentation|10.1016/j.scitotenv.2021.150545,C_Sedimentation_VINYL|10.1016/j.scitotenv.2021.150545,1.09,1.64,2.19,0.6,0.04,0.88,0.06,0.39,0.03
drinkingwater,0.26,0.45,5000,10.1016/j.scitotenv.2021.150545,C_Sedimentation|10.1016/j.scitotenv.2021.150545,C_Sedimentation_OTHERS|10.1016/j.scitotenv.2021.150545,1.09,1.64,2.19,0.6,0.16,0.88,0.23,0.39,0.1
drinkingwater,0,0.45,5000,10.1016/j.scitotenv.2021.150545,C_Ozonation|10.1016/j.scitotenv.2021.150545,C_Ozonation_PET|10.1016/j.scitotenv.2021.150545,1.09,1.64,2.19,0.6,0,0.88,0,0.39,0
drinkingwater,0.14,0.45,5000,10.1016/j.scitotenv.2021.150545,C_Ozonation|10.1016/j.scitotenv.2021.150545,C_Ozonation_VINYL|10.1016/j.scitotenv.2021.150545,1.09,1.64,2.19,0.6,0.08,0.88,0.12,0.39,0.05
drinkingwater,0.19,0.45,5000,10.1016/j.scitotenv.2021.150545,C_Ozonation|10.1016/j.scitotenv.2021.150545,C_Ozonation_OTHERS|10.1016/j.scitotenv.2021.150545,1.09,1.64,2.19,0.6,0.114,0.88,0.17,0.39,0.07
drinkingwater,0,0.45,5000,10.1016/j.scitotenv.2021.150545,C_BAC|10.1016/j.scitotenv.2021.150545,C_BAC_PET|10.1016/j.scitotenv.2021.150545,1.09,1.64,2.19,0.6,0,0.88,0,0.39,0
drinkingwater,2.68,0.45,5000,10.1016/j.scitotenv.2021.150545,C_BAC|10.1016/j.scitotenv.2021.150545,C_BAC_VINYL|10.1016/j.scitotenv.2021.150545,1.09,1.64,2.19,0.6,1.61,0.88,2.35,0.39,1.04
drinkingwater,0.13,0.45,5000,10.1016/j.scitotenv.2021.150545,C_BAC|10.1016/j.scitotenv.2021.150545,C_BAC_OTHERS|10.1016/j.scitotenv.2021.150545,1.09,1.64,2.19,0.6,0.08,0.88,0.11,0.39,0.05
drinkingwater,0,0.45,5000,10.1016/j.scitotenv.2021.150545,C_Flocc|10.1016/j.scitotenv.2021.150545,C_Flocc_PET|10.1016/j.scitotenv.2021.150545,1.09,1.64,2.19,0.6,0,0.88,0,0.39,0
drinkingwater,0.1,0.45,5000,10.1016/j.scitotenv.2021.150545,C_Flocc|10.1016/j.scitotenv.2021.150545,C_Flocc_VINYL|10.1016/j.scitotenv.2021.150545,1.09,1.64,2.19,0.6,0.06,0.88,0.09,0.39,0.04
drinkingwater,0.17,0.45,5000,10.1016/j.scitotenv.2021.150545,C_Flocc|10.1016/j.scitotenv.2021.150545,C_Flocc_OTHERS|10.1016/j.scitotenv.2021.150545,1.09,1.64,2.19,0.6,0.102,0.88,0.15,0.39,0.07
drinkingwater,0,0.45,5000,10.1016/j.scitotenv.2021.150545,C_Sand|10.1016/j.scitotenv.2021.150545,C_Sand_PET|10.1016/j.scitotenv.2021.150545,1.09,1.64,2.19,0.6,0,0.88,0,0.39,0
drinkingwater,0,0.45,5000,10.1016/j.scitotenv.2021.150545,C_Sand|10.1016/j.scitotenv.2021.150545,C_Sand_VINYL|10.1016/j.scitotenv.2021.150545,1.09,1.64,2.19,0.6,0,0.88,0,0.39,0
drinkingwater,0.09,0.45,5000,10.1016/j.scitotenv.2021.150545,C_Sand|10.1016/j.scitotenv.2021.150545,C_Sand_OTHERS|10.1016/j.scitotenv.2021.150545,1.09,1.64,2.19,0.6,0.05,0.88,0.08,0.39,0.03
drinkingwater,0,0.45,5000,10.1016/j.scitotenv.2021.150545,C_Treated|10.1016/j.scitotenv.2021.150545,C_Treated_PET|10.1016/j.scitotenv.2021.150545,1.09,1.64,2.19,0.6,0,0.88,0,0.39,0
drinkingwater,0,0.45,5000,10.1016/j.scitotenv.2021.150545,C_Treated|10.1016/j.scitotenv.2021.150545,C_Treated_VINYL|10.1016/j.scitotenv.2021.150545,1.09,1.64,2.19,0.6,0,0.88,0,0.39,0
drinkingwater,0,0.45,5000,10.1016/j.scitotenv.2021.150545,C_Treated|10.1016/j.scitotenv.2021.150545,C_Treated_OTHERS|10.1016/j.scitotenv.2021.150545,1.09,1.64,2.19,0.6,0,0.88,0,0.39,0
drinkingwater,4.703,0.45,5000,10.1016/j.etap.2018.12.009,29|10.1016/j.etap.2018.12.009,N/A,1.09,1.64,2.19,0.6,2.82,0.88,4.13,0.39,1.82
drinkingwater,1.1917,0.45,5000,10.1016/j.etap.2018.12.009,30|10.1016/j.etap.2018.12.009,N/A,1.09,1.64,2.19,0.6,0.72,0.88,1.05,0.39,0.46
drinkingwater,2.2825,0.45,5000,10.1016/j.etap.2018.12.009,20a|10.1016/j.etap.2018.12.009,N/A,1.09,1.64,2.19,0.6,1.3695,0.88,2,0.39,0.88
drinkingwater,4.1373,0.45,5000,10.1016/j.etap.2018.12.009,7|10.1016/j.etap.2018.12.009,N/A,1.09,1.64,2.19,0.6,2.48238,0.88,3.63,0.39,1.6
drinkingwater,5.2925,0.45,5000,10.1016/j.etap.2018.12.009,123|10.1016/j.etap.2018.12.009,N/A,1.09,1.64,2.19,0.6,3.18,0.88,4.65,0.39,2.05
drinkingwater,0.0146,0.45,5000,10.1016/j.etap.2018.12.009,11|10.1016/j.etap.2018.12.009,N/A,1.09,1.64,2.19,0.6,0.01,0.88,0.01,0.39,0.01
drinkingwater,2.594,0.45,5000,10.1016/j.etap.2018.12.009,20b|10.1016/j.etap.2018.12.009,N/A,1.09,1.64,2.19,0.6,1.5564,0.88,2.28,0.39,1
drinkingwater,2.71,0.7,5000,10.1016/j.jhazmat.2021.125347,27.11.2019|10.1016/j.jhazmat.2021.125347,N/A,1.09,1.64,2.19,0.8,2.17,0.94,2.55,0.65,1.77
drinkingwater,2.56,0.7,5000,10.1016/j.jhazmat.2021.125347,21.12.2019|10.1016/j.jhazmat.2021.125347,N/A,1.09,1.64,2.19,0.8,2.05,0.94,2.41,0.65,1.67
drinkingwater,2.4,0.7,5000,10.1016/j.jhazmat.2021.125347,22.01.2020|10.1016/j.jhazmat.2021.125347,N/A,1.09,1.64,2.19,0.8,1.92,0.94,2.26,0.65,1.57
drinkingwater,2.85,0.7,5000,10.1016/j.jhazmat.2021.125347,19.02.2020|10.1016/j.jhazmat.2021.125347,N/A,1.09,1.64,2.19,0.8,2.28,0.94,2.69,0.65,1.86
drinkingwater,3.23,0.7,5000,10.1016/j.jhazmat.2021.125347,16.03.2020|10.1016/j.jhazmat.2021.125347,N/A,1.09,1.64,2.19,0.8,2.58,0.94,3.04,0.65,2.11
drinkingwater,0.5,1,5000,10.1016/j.chemosphere.2020.126612,1|10.1016/j.chemosphere.2020.126612,N/A,1.09,1.64,2.19,1,0.5,1,0.5,1,0.5
drinkingwater,0.4,1,5000,10.1016/j.chemosphere.2020.126612,2|10.1016/j.chemosphere.2020.126612,N/A,1.09,1.64,2.19,1,0.4,1,0.4,1,0.4
drinkingwater,54.5,1,5000,10.1016/j.chemosphere.2020.126612,3|10.1016/j.chemosphere.2020.126612,N/A,1.09,1.64,2.19,1,54.5,1,54.5,1,54.5
drinkingwater,97.5,1,5000,10.1016/j.chemosphere.2020.126612,4|10.1016/j.chemosphere.2020.126612,N/A,1.09,1.64,2.19,1,97.5,1,97.5,1,97.5
drinkingwater,0.5,1,5000,10.1016/j.chemosphere.2020.126612,6|10.1016/j.chemosphere.2020.126612,N/A,1.09,1.64,2.19,1,0.5,1,0.5,1,0.5
drinkingwater,0.5,1,5000,10.1016/j.chemosphere.2020.126612,7|10.1016/j.chemosphere.2020.126612,N/A,1.09,1.64,2.19,1,0.5,1,0.5,1,0.5
drinkingwater,3793.5,1,5000,10.1016/j.chemosphere.2020.126612,8|10.1016/j.chemosphere.2020.126612,N/A,1.09,1.64,2.19,1,3793.5,1,3793.5,1,3793.5
drinkingwater,7.1,1,5000,10.1016/j.chemosphere.2020.126612,9|10.1016/j.chemosphere.2020.126612,N/A,1.09,1.64,2.19,1,7.1,1,7.1,1,7.1
drinkingwater,1.65,1,5000,10.1016/j.chemosphere.2020.126612,10|10.1016/j.chemosphere.2020.126612,N/A,1.09,1.64,2.19,1,1.65,1,1.65,1,1.65
drinkingwater,14.6,1,5000,10.1016/j.chemosphere.2020.126612,11|10.1016/j.chemosphere.2020.126612,N/A,1.09,1.64,2.19,1,14.6,1,14.6,1,14.6
drinkingwater,5.34,1,5000,10.1016/j.chemosphere.2020.126612,12|10.1016/j.chemosphere.2020.126612,N/A,1.09,1.64,2.19,1,5.34,1,5.34,1,5.34
drinkingwater,1.8,1,5000,10.1016/j.chemosphere.2020.126612,13|10.1016/j.chemosphere.2020.126612,N/A,1.09,1.64,2.19,1,1.8,1,1.8,1,1.8
drinkingwater,2.1,1,5000,10.1016/j.chemosphere.2020.126612,14|10.1016/j.chemosphere.2020.126612,N/A,1.09,1.64,2.19,1,2.1,1,2.1,1,2.1
drinkingwater,3,1,5000,10.1016/j.chemosphere.2020.126612,15|10.1016/j.chemosphere.2020.126612,N/A,1.09,1.64,2.19,1,3,1,3,1,3
drinkingwater,5.3,1,5000,10.1016/j.chemosphere.2020.126612,16|10.1016/j.chemosphere.2020.126612,N/A,1.09,1.64,2.19,1,5.3,1,5.3,1,5.3
drinkingwater,1,1,5000,10.1007/s11356-021-13220-1,Raw|10.1007/s11356-021-13220-1,N/A,1.09,1.64,2.19,1,1,1,1,1,1
drinkingwater,0.2,1,5000,10.1007/s11356-021-13220-1,Sand|10.1007/s11356-021-13220-1,N/A,1.09,1.64,2.19,1,0.2,1,0.2,1,0.2
drinkingwater,0.2,1,5000,10.1007/s11356-021-13220-1,GAC|10.1007/s11356-021-13220-1,N/A,1.09,1.64,2.19,1,0.2,1,0.2,1,0.2
drinkingwater,0.1,1,5000,10.1007/s11356-021-13220-1,Reverse_Osmosis|10.1007/s11356-021-13220-1,N/A,1.09,1.64,2.19,1,0.1,1,0.1,1,0.1
drinkingwater,0.1,1,5000,10.1007/s11356-021-13220-1,Finished|10.1007/s11356-021-13220-1,N/A,1.09,1.64,2.19,1,0.1,1,0.1,1,0.1
drinkingwater,0,1.2,5000,10.1016/j.sciotenv.2020.143421,1|10.1016/j.sciotenv.2020.143421,N/A,1.09,1.64,2.19,1.12,0,1.03,0,1.24,0
drinkingwater,37.1,1.5,5000,10.3389/fchem.2018.00407,IB|101119.10.3389/fchem.2018.00407,N/A,1.09,1.64,2.19,1.3,48.23,1.07,39.76,1.62,60.11
drinkingwater,705,1.5,5000,10.3389/fchem.2018.00407,BB 311019 08: 11 PSRL6|10.3389/fchem.2018.00407,N/A,1.09,1.64,2.19,1.3,916.5,1.07,755.57,1.62,1142.22
drinkingwater,404,1.5,5000,10.3389/fchem.2018.00407,BB 311019 09: 50 STB1|10.3389/fchem.2018.00407,N/A,1.09,1.64,2.19,1.3,525.2,1.07,432.98,1.62,654.55
drinkingwater,252,1.5,5000,10.3389/fchem.2018.00407,Oct0719|10.3389/fchem.2018.00407,N/A,1.09,1.64,2.19,1.3,327.6,1.07,270.08,1.62,408.28
drinkingwater,174,1.5,5000,10.3389/fchem.2018.00407,BN7141A04117|10.3389/fchem.2018.00407,N/A,1.09,1.64,2.19,1.3,226.2,1.07,186.48,1.62,281.91
drinkingwater,826,1.5,5000,10.3389/fchem.2018.00407,HE.B.No 229 (BM/AS)|10.3389/fchem.2018.00407,N/A,1.09,1.64,2.19,1.3,1073.8,1.07,885.25,1.62,1338.26
drinkingwater,213,1.5,5000,10.3389/fchem.2018.00407,MU.N.No.298 (MA/AD)|10.3389/fchem.2018.00407,N/A,1.09,1.64,2.19,1.3,276.9,1.07,228.28,1.62,345.1
drinkingwater,3.72,1.5,5000,10.3389/fchem.2018.00407,SO.B No.087 (AS/LB)|10.3389/fchem.2018.00407,N/A,1.09,1.64,2.19,1.3,4.84,1.07,3.99,1.62,6.03
drinkingwater,165,1.5,5000,10.3389/fchem.2018.00407,Oct 0118NHBRB|10.3389/fchem.2018.00407,N/A,1.09,1.64,2.19,1.3,214.5,1.07,176.84,1.62,267.33
drinkingwater,74.6,1.5,5000,10.3389/fchem.2018.00407,P18NOV17CG3|10.3389/fchem.2018.00407,N/A,1.09,1.64,2.19,1.3,96.98,1.07,79.95,1.62,120.86
drinkingwater,686,1.5,5000,10.3389/fchem.2018.00407,17.11.18|10.3389/fchem.2018.00407,N/A,1.09,1.64,2.19,1.3,891.8,1.07,735.21,1.62,1111.43
drinkingwater,20,1.5,5000,10.3389/fchem.2018.00407,14.10.18|10.3389/fchem.2018.00407,N/A,1.09,1.64,2.19,1.3,26,1.07,21.43,1.62,32.4
drinkingwater,37.3,1.5,5000,10.3389/fchem.2018.00407,09.08.18|10.3389/fchem.2018.00407,N/A,1.09,1.64,2.19,1.3,48.49,1.07,39.98,1.62,60.43
drinkingwater,197,1.5,5000,10.3389/fchem.2018.00407,PRD 03 21 2017 14:02|10.3389/fchem.2018.00407,N/A,1.09,1.64,2.19,1.3,256.1,1.07,211.13,1.62,319.17
drinkingwater,58.2,1.5,5000,10.3389/fchem.2018.00407,PRD 05 24 17 11:29|10.3389/fchem.2018.00407,N/A,1.09,1.64,2.19,1.3,75.66,1.07,62.37,1.62,94.29
drinkingwater,1410,1.5,5000,10.3389/fchem.2018.00407,07.142018 2|10.3389/fchem.2018.00407,N/A,1.09,1.64,2.19,1.3,1833,1.07,1511.14,1.62,2284.43
drinkingwater,204,1.5,5000,10.3389/fchem.2018.00407,NV No. AC-51-07269|10.3389/fchem.2018.00407,N/A,1.09,1.64,2.19,1.3,265.2,1.07,218.63,1.62,330.51
drinkingwater,40.1,1.5,5000,10.3389/fchem.2018.00407,FAB: 211017 09:06SP|10.3389/fchem.2018.00407,N/A,1.09,1.64,2.19,1.3,52.13,1.07,42.98,1.62,64.97
drinkingwater,12.5,1.5,5000,10.3389/fchem.2018.00407,FAB: 160817 15:05SP|10.3389/fchem.2018.00407,N/A,1.09,1.64,2.19,1.3,16.25,1.07,13.4,1.62,20.25
drinkingwater,150,1.5,5000,10.3389/fchem.2018.00407,FAB: 091217 16:53SP|10.3389/fchem.2018.00407,N/A,1.09,1.64,2.19,1.3,195,1.07,160.76,1.62,243.02
drinkingwater,2277,1.5,5000,10.3389/fchem.2018.00407,100517 278WF246|10.3389/fchem.2018.00407,N/A,1.09,1.64,2.19,1.3,2960.1,1.07,2440.33,1.62,3689.12
drinkingwater,49.3,1.5,5000,10.3389/fchem.2018.00407,P: 4/11/17 03:34 AZ|10.3389/fchem.2018.00407,N/A,1.09,1.64,2.19,1.3,64.09,1.07,52.84,1.62,79.87
drinkingwater,468,1.5,5000,10.3389/fchem.2018.00407,730805210A 23:28|10.3389/fchem.2018.00407,N/A,1.09,1.64,2.19,1.3,608.4,1.07,501.57,1.62,758.24
drinkingwater,30.3,1.5,5000,10.3389/fchem.2018.00407,BBE 11.2018 10|10.3389/fchem.2018.00407,N/A,1.09,1.64,2.19,1.3,39.39,1.07,32.47,1.62,49.09
drinkingwater,156,1.5,5000,10.3389/fchem.2018.00407,20171102 1214JN|10.3389/fchem.2018.00407,N/A,1.09,1.64,2.19,1.3,202.8,1.07,167.19,1.62,252.75
drinkingwater,66.7,1.5,5000,10.3389/fchem.2018.00407,20171021 3214GH|10.3389/fchem.2018.00407,N/A,1.09,1.64,2.19,1.3,86.71,1.07,71.48,1.62,108.07
drinkingwater,67.1,1.5,5000,10.3389/fchem.2018.00407,20171103 2106WF|10.3389/fchem.2018.00407,N/A,1.09,1.64,2.19,1.3,87.23,1.07,71.91,1.62,108.71
drinkingwater,3000,2,5000,10.22630/PNIKS.2019.28.4.59,B_Well|10.22630/PNIKS.2019.28.4.59,N/A,1.09,1.64,2.19,1.56,4680,1.13,3382.04,2.28,6844.93
drinkingwater,2000,2,5000,10.22630/PNIKS.2019.28.4.59,C_Well|10.22630/PNIKS.2019.28.4.59,N/A,1.09,1.64,2.19,1.56,3120,1.13,2254.69,2.28,4563.29
drinkingwater,2000,2,5000,10.22630/PNIKS.2019.28.4.59,G_Well|10.22630/PNIKS.2019.28.4.59,N/A,1.09,1.64,2.19,1.56,3120,1.13,2254.69,2.28,4563.29
drinkingwater,1000,2,5000,10.22630/PNIKS.2019.28.4.59,D_Reserve_Tank|10.22630/PNIKS.2019.28.4.59,N/A,1.09,1.64,2.19,1.56,1560,1.13,1127.35,2.28,2281.64
drinkingwater,2000,2,5000,10.22630/PNIKS.2019.28.4.59,I_Reserve_Tank|10.22630/PNIKS.2019.28.4.59,N/A,1.09,1.64,2.19,1.56,3120,1.13,2254.69,2.28,4563.29
drinkingwater,1000,2,5000,10.22630/PNIKS.2019.28.4.59,K_Reserve_Tank|10.22630/PNIKS.2019.28.4.59,N/A,1.09,1.64,2.19,1.56,1560,1.13,1127.35,2.28,2281.64
drinkingwater,1000,2,5000,10.22630/PNIKS.2019.28.4.59,N_Reserve_Tank|10.22630/PNIKS.2019.28.4.59,N/A,1.09,1.64,2.19,1.56,1560,1.13,1127.35,2.28,2281.64
drinkingwater,1000,2,5000,10.22630/PNIKS.2019.28.4.59,F_Distribution_Network|10.22630/PNIKS.2019.28.4.59,N/A,1.09,1.64,2.19,1.56,1560,1.13,1127.35,2.28,2281.64
drinkingwater,1000,2,5000,10.22630/PNIKS.2019.28.4.59,N_Distribution_Network|10.22630/PNIKS.2019.28.4.59,N/A,1.09,1.64,2.19,1.56,1560,1.13,1127.35,2.28,2281.64
drinkingwater,1000,2,5000,10.22630/PNIKS.2019.28.4.59,C_Hydrant|10.22630/PNIKS.2019.28.4.59,N/A,1.09,1.64,2.19,1.56,1560,1.13,1127.35,2.28,2281.64
drinkingwater,1000,2,5000,10.22630/PNIKS.2019.28.4.59,D_Hydrant|10.22630/PNIKS.2019.28.4.59,N/A,1.09,1.64,2.19,1.56,1560,1.13,1127.35,2.28,2281.64
drinkingwater,1000,2,5000,10.22630/PNIKS.2019.28.4.59,I_Hydrant|10.22630/PNIKS.2019.28.4.59,N/A,1.09,1.64,2.19,1.56,1560,1.13,1127.35,2.28,2281.64
drinkingwater,7.17,2.5,5000,10.1371/journal.pone.0194970,Tap Water_Cuba|10.1371/journal.pone.0194970,N/A,1.09,1.64,2.19,1.8,12.91,1.17,8.41,2.98,21.34
drinkingwater,4.02,2.5,5000,10.1371/journal.pone.0194970,Tap Water_Ecuador|10.1371/journal.pone.0194970,N/A,1.09,1.64,2.19,1.8,7.24,1.17,4.72,2.98,11.96
drinkingwater,7.73,2.5,5000,10.1371/journal.pone.0194970,Tap Water_England|10.1371/journal.pone.0194970,N/A,1.09,1.64,2.19,1.8,13.914,1.17,9.07,2.98,23
drinkingwater,1.82,2.5,5000,10.1371/journal.pone.0194970,Tap Water_France|10.1371/journal.pone.0194970,N/A,1.09,1.64,2.19,1.8,3.276,1.17,2.14,2.98,5.42
drinkingwater,0.91,2.5,5000,10.1371/journal.pone.0194970,Tap Water_Germany|10.1371/journal.pone.0194970,N/A,1.09,1.64,2.19,1.8,1.638,1.17,1.07,2.98,2.71
drinkingwater,6.24,2.5,5000,10.1371/journal.pone.0194970,Tap Water_India|10.1371/journal.pone.0194970,N/A,1.09,1.64,2.19,1.8,11.232,1.17,7.32,2.98,18.57
drinkingwater,3.23,2.5,5000,10.1371/journal.pone.0194970,Tap Water_Indonesia|10.1371/journal.pone.0194970,N/A,1.09,1.64,2.19,1.8,5.81,1.17,3.79,2.98,9.61
drinkingwater,1.83,2.5,5000,10.1371/journal.pone.0194970,Tap Water_Ireland|10.1371/journal.pone.0194970,N/A,1.09,1.64,2.19,1.8,3.29,1.17,2.15,2.98,5.45
drinkingwater,0,2.5,5000,10.1371/journal.pone.0194970,Tap Water_Italy|10.1371/journal.pone.0194970,N/A,1.09,1.64,2.19,1.8,0,1.17,0,2.98,0
drinkingwater,6.64,2.5,5000,10.1371/journal.pone.0194970,Tap Water_Lebanon|10.1371/journal.pone.0194970,N/A,1.09,1.64,2.19,1.8,11.95,1.17,7.79,2.98,19.76
drinkingwater,3.83,2.5,5000,10.1371/journal.pone.0194970,Tap Water_Slovakia|10.1371/journal.pone.0194970,N/A,1.09,1.64,2.19,1.8,6.89,1.17,4.49,2.98,11.4
drinkingwater,2.74,2.5,5000,10.1371/journal.pone.0194970,Tap Water_Switzerland|10.1371/journal.pone.0194970,N/A,1.09,1.64,2.19,1.8,4.93,1.17,3.22,2.98,8.15
drinkingwater,3.92,2.5,5000,10.1371/journal.pone.0194970,Tap Water_Uganda|10.1371/journal.pone.0194970,N/A,1.09,1.64,2.19,1.8,7.06,1.17,4.6,2.98,11.66
drinkingwater,9.24,2.5,5000,10.1371/journal.pone.0194970,Tap Water_USA|10.1371/journal.pone.0194970,N/A,1.09,1.64,2.19,1.8,16.63,1.17,10.84,2.98,27.5
drinkingwater,3.57,2.5,5000,10.1371/journal.pone.0194970,Bottled Water|10.1371/journal.pone.0194970,N/A,1.09,1.64,2.19,1.8,6.43,1.17,4.19,2.98,10.62
drinkingwater,0.67,2.5,5000,10.1371/journal.pone.0194970,Lake Superior 1|10.1371/journal.pone.0194970,N/A,1.09,1.64,2.19,1.8,1.206,1.17,0.79,2.98,1.99
drinkingwater,4.33,2.5,5000,10.1371/journal.pone.0194970,Lake Superior 2|10.1371/journal.pone.0194970,N/A,1.09,1.64,2.19,1.8,7.794,1.17,5.08,2.98,12.88
drinkingwater,3.33,2.5,5000,10.1371/journal.pone.0194970,Lake Superior 3|10.1371/journal.pone.0194970,N/A,1.09,1.64,2.19,1.8,5.994,1.17,3.91,2.98,9.91
drinkingwater,1.33,2.5,5000,10.1371/journal.pone.0194970,Lake Michigan 1|10.1371/journal.pone.0194970,N/A,1.09,1.64,2.19,1.8,2.39,1.17,1.56,2.98,3.96
drinkingwater,0,2.5,5000,10.1371/journal.pone.0194970,Lake Michigan 2|10.1371/journal.pone.0194970,N/A,1.09,1.64,2.19,1.8,0,1.17,0,2.98,0
drinkingwater,14.3,2.5,5000,10.1371/journal.pone.0194970,Lake Michigan 3|10.1371/journal.pone.0194970,N/A,1.09,1.64,2.19,1.8,25.74,1.17,16.78,2.98,42.55
drinkingwater,2.33,2.5,5000,10.1371/journal.pone.0194970,Lake Michigan 4|10.1371/journal.pone.0194970,N/A,1.09,1.64,2.19,1.8,4.19,1.17,2.73,2.98,6.93
drinkingwater,1.33,2.5,5000,10.1371/journal.pone.0194970,Lake Huron 1|10.1371/journal.pone.0194970,N/A,1.09,1.64,2.19,1.8,2.39,1.17,1.56,2.98,3.96
drinkingwater,2,2.5,5000,10.1371/journal.pone.0194970,Lake Erie 1|10.1371/journal.pone.0194970,N/A,1.09,1.64,2.19,1.8,3.6,1.17,2.35,2.98,5.95
drinkingwater,3,2.5,5000,10.1371/journal.pone.0194970,Lake Erie 2|10.1371/journal.pone.0194970,N/A,1.09,1.64,2.19,1.8,5.4,1.17,3.52,2.98,8.93
drinkingwater,8,2.5,5000,10.1371/journal.pone.0194970,Lake Ontario 1|10.1371/journal.pone.0194970,N/A,1.09,1.64,2.19,1.8,14.4,1.17,9.39,2.98,23.81
drinkingwater,8,2.5,5000,10.1371/journal.pone.0194970,Lake Ontario 2|10.1371/journal.pone.0194970,N/A,1.09,1.64,2.19,1.8,14.4,1.17,9.39,2.98,23.81
drinkingwater,14,3,5000,10.1016/j.watres.2017.11.011,1|10.1016/j.watres.2017.11.011,N/A,1.09,1.64,2.19,2.03,28.42,1.21,16.99,3.7,51.75
drinkingwater,118,3,5000,10.1016/j.watres.2017.11.011,2|10.1016/j.watres.2017.11.011,N/A,1.09,1.64,2.19,2.03,239.54,1.21,143.18,3.7,436.22
drinkingwater,50,3,5000,10.1016/j.watres.2017.11.011,3|10.1016/j.watres.2017.11.011,N/A,1.09,1.64,2.19,2.03,101.5,1.21,60.67,3.7,184.84
drinkingwater,11,3,5000,10.1016/j.watres.2017.11.011,4|10.1016/j.watres.2017.11.011,N/A,1.09,1.64,2.19,2.03,22.33,1.21,13.35,3.7,40.66
drinkingwater,0.003,3,5000,10.1016/j.sciotenv.2018.08.178,Nethen.1|10.1016/j.sciotenv.2018.08.178,N/A,1.09,1.64,2.19,2.03,0.01,1.21,0,3.7,0.01
drinkingwater,0,3,5000,10.1016/j.sciotenv.2018.08.178,Nethen.2|10.1016/j.sciotenv.2018.08.178,N/A,1.09,1.64,2.19,2.03,0,1.21,0,3.7,0
drinkingwater,0.001,3,5000,10.1016/j.sciotenv.2018.08.178,Nethen.3|10.1016/j.sciotenv.2018.08.178,N/A,1.09,1.64,2.19,2.03,0,1.21,0,3.7,0
drinkingwater,0,3,5000,10.1016/j.sciotenv.2018.08.178,Nethen.4|10.1016/j.sciotenv.2018.08.178,N/A,1.09,1.64,2.19,2.03,0,1.21,0,3.7,0
drinkingwater,0.007,3,5000,10.1016/j.sciotenv.2018.08.178,Holdorf.1a|10.1016/j.sciotenv.2018.08.178,N/A,1.09,1.64,2.19,2.03,0.01421,1.21,0.01,3.7,0.03
drinkingwater,0,3,5000,10.1016/j.sciotenv.2018.08.178,Holdorf.1b|10.1016/j.sciotenv.2018.08.178,N/A,1.09,1.64,2.19,2.03,0,1.21,0,3.7,0
drinkingwater,0.001,3,5000,10.1016/j.sciotenv.2018.08.178,Holdorf.2|10.1016/j.sciotenv.2018.08.178,N/A,1.09,1.64,2.19,2.03,0,1.21,0,3.7,0
drinkingwater,0.003,3,5000,10.1016/j.sciotenv.2018.08.178,Holdorf.3|10.1016/j.sciotenv.2018.08.178,N/A,1.09,1.64,2.19,2.03,0.01,1.21,0,3.7,0.01
drinkingwater,0,3,5000,10.1016/j.sciotenv.2018.08.178,Holdorf.4|10.1016/j.sciotenv.2018.08.178,N/A,1.09,1.64,2.19,2.03,0,1.21,0,3.7,0
drinkingwater,0,3,5000,10.1016/j.sciotenv.2018.08.178,Grossenkneten.1|10.1016/j.sciotenv.2018.08.178,N/A,1.09,1.64,2.19,2.03,0,1.21,0,3.7,0
drinkingwater,0,3,5000,10.1016/j.sciotenv.2018.08.178,Grossenkneten.2|10.1016/j.sciotenv.2018.08.178,N/A,1.09,1.64,2.19,2.03,0,1.21,0,3.7,0
drinkingwater,0,3,5000,10.1016/j.sciotenv.2018.08.178,Grossenkneten.3|10.1016/j.sciotenv.2018.08.178,N/A,1.09,1.64,2.19,2.03,0,1.21,0,3.7,0
drinkingwater,0,3,5000,10.1016/j.sciotenv.2018.08.178,Grossenkneten.4|10.1016/j.sciotenv.2018.08.178,N/A,1.09,1.64,2.19,2.03,0,1.21,0,3.7,0
drinkingwater,0,3,5000,10.1016/j.sciotenv.2018.08.178,Sandelermoens.1|10.1016/j.sciotenv.2018.08.178,N/A,1.09,1.64,2.19,2.03,0,1.21,0,3.7,0
drinkingwater,0.001,3,5000,10.1016/j.sciotenv.2018.08.178,Sandelermoens.2|10.1016/j.sciotenv.2018.08.178,N/A,1.09,1.64,2.19,2.03,0,1.21,0,3.7,0
drinkingwater,0.001,3,5000,10.1016/j.sciotenv.2018.08.178,Sandelermoens.3|10.1016/j.sciotenv.2018.08.178,N/A,1.09,1.64,2.19,2.03,0,1.21,0,3.7,0
drinkingwater,0,3,5000,10.1016/j.sciotenv.2018.08.178,Sandelermoens.4|10.1016/j.sciotenv.2018.08.178,N/A,1.09,1.64,2.19,2.03,0,1.21,0,3.7,0
drinkingwater,0,3,5000,10.1016/j.sciotenv.2018.08.178,Thuelsfelde.1|10.1016/j.sciotenv.2018.08.178,N/A,1.09,1.64,2.19,2.03,0,1.21,0,3.7,0
drinkingwater,0.001,3,5000,10.1016/j.sciotenv.2018.08.178,Thuelsfelde.2|10.1016/j.sciotenv.2018.08.178,N/A,1.09,1.64,2.19,2.03,0,1.21,0,3.7,0
drinkingwater,0.001,3,5000,10.1016/j.sciotenv.2018.08.178,Thuelsfelde.3|10.1016/j.sciotenv.2018.08.178,N/A,1.09,1.64,2.19,2.03,0,1.21,0,3.7,0
drinkingwater,0,3,5000,10.1016/j.sciotenv.2018.08.178,Thuelsfelde.4|10.1016/j.sciotenv.2018.08.178,N/A,1.09,1.64,2.19,2.03,0,1.21,0,3.7,0
drinkingwater,0.002,3,5000,10.1016/j.sciotenv.2018.08.178,Holdorf.Well 1|10.1016/j.sciotenv.2018.08.178,N/A,1.09,1.64,2.19,2.03,0,1.21,0,3.7,0.01
drinkingwater,0,3,5000,10.1016/j.sciotenv.2018.08.178,Holdorf.Well 2|10.1016/j.sciotenv.2018.08.178,N/A,1.09,1.64,2.19,2.03,0,1.21,0,3.7,0
drinkingwater,0,3,5000,10.1016/j.sciotenv.2018.08.178,Holdorf.Well 3|10.1016/j.sciotenv.2018.08.178,N/A,1.09,1.64,2.19,2.03,0,1.21,0,3.7,0
drinkingwater,29,5,5000,10.1016/j.envres.2022.112855,AverageAll|10.1016/j.envres.2022.112855,N/A,1.09,1.64,2.19,2.82,81.78,1.34,38.76,6.79,196.91
drinkingwater,0.066,5,5000,10.1007/s11356-021-12467-y,1|10.1007/s11356-021-12467-y,N/A,1.09,1.64,2.19,2.82,0.19,1.34,0.09,6.79,0.45
drinkingwater,105.8,7,5000,10.3390/w12113115,drinking_water|10.3390/w12113115,N/A,1.09,1.64,2.19,3.51,371.358,1.43,151.16,10.14,1072.28
drinkingwater,11,10,5000,10.1016/j.chemosphere.2021.132587,settled|10.1016/j.chemosphere.2021.132587,N/A,1.09,1.64,2.19,4.43,48.73,1.54,16.91,15.5,170.47
drinkingwater,0.117,10,5000,10.1016/j.envpol.2021.117524,PE|10.1016/j.envpol.2021.117524,N/A,1.09,1.64,2.19,4.43,0.52,1.54,0.18,15.5,1.81
drinkingwater,0.034,10,5000,10.1016/j.envpol.2021.117524,PP|10.1016/j.envpol.2021.117524,N/A,1.09,1.64,2.19,4.43,0.15,1.54,0.05,15.5,0.53
drinkingwater,0.045,10,5000,10.1016/j.envpol.2021.117524,PS|10.1016/j.envpol.2021.117524,N/A,1.09,1.64,2.19,4.43,0.19935,1.54,0.07,15.5,0.7
drinkingwater,0,10,5000,10.1016/j.envpol.2021.117524,PET|10.1016/j.envpol.2021.117524,N/A,1.09,1.64,2.19,4.43,0,1.54,0,15.5,0
drinkingwater,0,10,5000,10.1016/j.envpol.2021.117524,PVC|10.1016/j.envpol.2021.117524,N/A,1.09,1.64,2.19,4.43,0,1.54,0,15.5,0
drinkingwater,0,10,5000,10.1016/j.envpol.2021.117524,others|10.1016/j.envpol.2021.117524,N/A,1.09,1.64,2.19,4.43,0,1.54,0,15.5,0
drinkingwater,0.58,20,5000,http://dce2.au.dk/pub/SR291.pdf ,1|http://dce2.au.dk/pub/SR291.pdf ,1a|http://dce2.au.dk/pub/SR291.pdf ,1.09,1.64,2.19,6.98,4.05,1.79,1.04,35.38,20.52
drinkingwater,0.36,20,5000,http://dce2.au.dk/pub/SR291.pdf ,1|http://dce2.au.dk/pub/SR291.pdf ,1b|http://dce2.au.dk/pub/SR291.pdf ,1.09,1.64,2.19,6.98,2.51,1.79,0.64,35.38,12.74
drinkingwater,0.32,20,5000,http://dce2.au.dk/pub/SR291.pdf ,2|http://dce2.au.dk/pub/SR291.pdf ,N/A,1.09,1.64,2.19,6.98,2.23,1.79,0.57,35.38,11.32
drinkingwater,0.24,20,5000,http://dce2.au.dk/pub/SR291.pdf ,3|http://dce2.au.dk/pub/SR291.pdf ,N/A,1.09,1.64,2.19,6.98,1.68,1.79,0.43,35.38,8.49
drinkingwater,0.26,20,5000,http://dce2.au.dk/pub/SR291.pdf ,4|http://dce2.au.dk/pub/SR291.pdf ,N/A,1.09,1.64,2.19,6.98,1.8148,1.79,0.47,35.38,9.2
drinkingwater,0.14,20,5000,http://dce2.au.dk/pub/SR291.pdf ,5|http://dce2.au.dk/pub/SR291.pdf ,N/A,1.09,1.64,2.19,6.98,0.9772,1.79,0.25,35.38,4.95
drinkingwater,0.22,20,5000,http://dce2.au.dk/pub/SR291.pdf ,6|http://dce2.au.dk/pub/SR291.pdf ,N/A,1.09,1.64,2.19,6.98,1.54,1.79,0.39,35.38,7.78
drinkingwater,0.2,20,5000,http://dce2.au.dk/pub/SR291.pdf ,7|http://dce2.au.dk/pub/SR291.pdf ,N/A,1.09,1.64,2.19,6.98,1.396,1.79,0.36,35.38,7.08
drinkingwater,0.6,20,5000,http://dce2.au.dk/pub/SR291.pdf ,8|http://dce2.au.dk/pub/SR291.pdf ,N/A,1.09,1.64,2.19,6.98,4.19,1.79,1.07,35.38,21.23
drinkingwater,0.24,20,5000,http://dce2.au.dk/pub/SR291.pdf ,9|http://dce2.au.dk/pub/SR291.pdf ,N/A,1.09,1.64,2.19,6.98,1.68,1.79,0.43,35.38,8.49
drinkingwater,0.26,20,5000,http://dce2.au.dk/pub/SR291.pdf ,10|http://dce2.au.dk/pub/SR291.pdf ,N/A,1.09,1.64,2.19,6.98,1.8148,1.79,0.47,35.38,9.2
drinkingwater,0.22,20,5000,http://dce2.au.dk/pub/SR291.pdf ,11|http://dce2.au.dk/pub/SR291.pdf ,N/A,1.09,1.64,2.19,6.98,1.54,1.79,0.39,35.38,7.78
drinkingwater,0.54,20,5000,http://dce2.au.dk/pub/SR291.pdf ,12|http://dce2.au.dk/pub/SR291.pdf ,N/A,1.09,1.64,2.19,6.98,3.7692,1.79,0.97,35.38,19.11
drinkingwater,0.18,20,5000,http://dce2.au.dk/pub/SR291.pdf ,13|http://dce2.au.dk/pub/SR291.pdf ,N/A,1.09,1.64,2.19,6.98,1.26,1.79,0.32,35.38,6.37
drinkingwater,0.08,20,5000,http://dce2.au.dk/pub/SR291.pdf ,14|http://dce2.au.dk/pub/SR291.pdf ,N/A,1.09,1.64,2.19,6.98,0.56,1.79,0.14,35.38,2.83
drinkingwater,0.38,20,5000,http://dce2.au.dk/pub/SR291.pdf ,15|http://dce2.au.dk/pub/SR291.pdf ,N/A,1.09,1.64,2.19,6.98,2.65,1.79,0.68,35.38,13.45
drinkingwater,0.34,20,5000,http://dce2.au.dk/pub/SR291.pdf ,16|http://dce2.au.dk/pub/SR291.pdf ,N/A,1.09,1.64,2.19,6.98,2.37,1.79,0.61,35.38,12.03
drinkingwater,0.26,20,5000,http://dce2.au.dk/pub/SR291.pdf ,17|http://dce2.au.dk/pub/SR291.pdf ,N/A,1.09,1.64,2.19,6.98,1.8148,1.79,0.47,35.38,9.2
drinkingwater,1401,20,5000,10.21203/rs.3.rs-242504/v1,DWTP1|10.21203/rs.3.rs-242504/v1,N/A,1.09,1.64,2.19,6.98,9778.98,1.79,2508.12,35.38,49574.18
drinkingwater,1042,20,5000,10.21203/rs.3.rs-242504/v1,DWTP2|10.21203/rs.3.rs-242504/v1,N/A,1.09,1.64,2.19,6.98,7273.16,1.79,1865.43,35.38,36871.01
drinkingwater,971,20,5000,10.21203/rs.3.rs-242504/v1,DWTP3|10.21203/rs.3.rs-242504/v1,N/A,1.09,1.64,2.19,6.98,6777.58,1.79,1738.32,35.38,34358.69
drinkingwater,14,1,5000,10.11001/jksww.2020.34.5.357,Czech_Milence_DWTP|10.11001/jksww.2020.34.5.357,N/A,1.09,1.64,2.19,1,14,1,14,1,14
drinkingwater,151,1,5000,10.11001/jksww.2020.34.5.357,Czech_Plzen_DWTP|10.11001/jksww.2020.34.5.357,N/A,1.09,1.64,2.19,1,151,1,151,1,151
drinkingwater,1,1,5000,10.1016/j.scitotenv.2019.02.431,Nethen|10.1016/j.scitotenv.2019.02.431,N/A,1.09,1.64,2.19,1,1,1,1,1,1
drinkingwater,1,1,5000,10.1016/j.scitotenv.2019.02.431,Holdorf|10.1016/j.scitotenv.2019.02.431,N/A,1.09,1.64,2.19,1,1,1,1,1,1
drinkingwater,382,1,5000,10.1016/j.scitotenv.2019.02.431,Aqua|10.1016/j.scitotenv.2019.02.431,N/A,1.09,1.64,2.19,1,382,1,382,1,382
drinkingwater,213,1,5000,10.1016/j.scitotenv.2019.02.431,Auqafina|10.1016/j.scitotenv.2019.02.431,N/A,1.09,1.64,2.19,1,213,1,213,1,213
drinkingwater,347,1,5000,10.1016/j.scitotenv.2019.02.431,Bisleri|10.1016/j.scitotenv.2019.02.431,N/A,1.09,1.64,2.19,1,347,1,347,1,347
drinkingwater,119,1,5000,10.1016/j.scitotenv.2019.02.431,Dasani|10.1016/j.scitotenv.2019.02.431,N/A,1.09,1.64,2.19,1,119,1,119,1,119
drinkingwater,248,1,5000,10.1016/j.scitotenv.2019.02.431,E-Pura|10.1016/j.scitotenv.2019.02.431,N/A,1.09,1.64,2.19,1,248,1,248,1,248
drinkingwater,128,1,5000,10.1016/j.scitotenv.2019.02.431,Evian|10.1016/j.scitotenv.2019.02.431,N/A,1.09,1.64,2.19,1,128,1,128,1,128
drinkingwater,1411,1,5000,10.1016/j.scitotenv.2019.02.431,PlasticGerosteiner|10.1016/j.scitotenv.2019.02.431,N/A,1.09,1.64,2.19,1,1411,1,1411,1,1411
drinkingwater,168,1,5000,10.1016/j.scitotenv.2019.02.431,GlassGerosteiner|10.1016/j.scitotenv.2019.02.431,N/A,1.09,1.64,2.19,1,168,1,168,1,168
drinkingwater,67,1,5000,10.1016/j.scitotenv.2019.02.431,Minalba|10.1016/j.scitotenv.2019.02.431,N/A,1.09,1.64,2.19,1,67,1,67,1,67
drinkingwater,932,1,5000,10.1016/j.scitotenv.2019.02.431,NestlePureLife|10.1016/j.scitotenv.2019.02.431,N/A,1.09,1.64,2.19,1,932,1,932,1,932
drinkingwater,29,1,5000,10.1016/j.scitotenv.2019.02.431,SanPellegrino|10.1016/j.scitotenv.2019.02.431,N/A,1.09,1.64,2.19,1,29,1,29,1,29
drinkingwater,96,1,5000,10.1016/j.scitotenv.2019.02.431,Wahaha|10.1016/j.scitotenv.2019.02.431,N/A,1.09,1.64,2.19,1,96,1,96,1,96
drinkingwater,2649,1,5000,10.1016/j.scitotenv.2019.02.431,SingleUsePET|10.1016/j.scitotenv.2019.02.431,N/A,1.09,1.64,2.19,1,2649,1,2649,1,2649
drinkingwater,4889,1,5000,10.1016/j.scitotenv.2019.02.431,ResuablePET|10.1016/j.scitotenv.2019.02.431,N/A,1.09,1.64,2.19,1,4889,1,4889,1,4889
drinkingwater,6298,1,5000,10.1016/j.scitotenv.2019.02.431,GlassBottles|10.1016/j.scitotenv.2019.02.431,N/A,1.09,1.64,2.19,1,6298,1,6298,1,6298
drinkingwater,15,1,5000,10.1016/j.scitotenv.2019.02.431,SingleUsePlastic|10.1016/j.scitotenv.2019.02.431,N/A,1.09,1.64,2.19,1,15,1,15,1,15
drinkingwater,117,1,5000,10.1016/j.scitotenv.2019.02.431,ReturnablePlastic|10.1016/j.scitotenv.2019.02.431,N/A,1.09,1.64,2.19,1,117,1,117,1,117
drinkingwater,56,1,5000,10.1016/j.scitotenv.2019.02.431,GlassBottles2|10.1016/j.scitotenv.2019.02.431,N/A,1.09,1.64,2.19,1,56,1,56,1,56
drinkingwater,11,1,5000,10.1016/j.scitotenv.2019.02.431,BeverageCartons|10.1016/j.scitotenv.2019.02.431,N/A,1.09,1.64,2.19,1,11,1,11,1,11
drinkingwater,32,1,5000,10.1016/j.cej.2020.128381,France|10.1016/j.cej.2020.128381,N/A,1.09,1.64,2.19,1,32,1,32,1,32
drinkingwater,1,1,5000,10.1016/j.cej.2020.128381,Finland|10.1016/j.cej.2020.128381,Finland.1|10.1016/j.cej.2020.128381,1.09,1.64,2.19,1,1,1,1,1,1
drinkingwater,0.4,1,5000,10.1016/j.cej.2020.128381,Finland|10.1016/j.cej.2020.128381,Finland.2|10.1016/j.cej.2020.128381,1.09,1.64,2.19,1,0.4,1,0.4,1,0.4
drinkingwater,0.14,1,5000,10.1016/j.cej.2020.128381,China|10.1016/j.cej.2020.128381,China.1|10.1016/j.cej.2020.128381,1.09,1.64,2.19,1,0.14,1,0.14,1,0.14
drinkingwater,0.06,1,5000,10.1016/j.cej.2020.128381,China|10.1016/j.cej.2020.128381,China.2|10.1016/j.cej.2020.128381,1.09,1.64,2.19,1,0.06,1,0.06,1,0.06
drinkingwater,0.4,1,5000,10.1016/j.cej.2020.128381,Korea|10.1016/j.cej.2020.128381,Korea.1|10.1016/j.cej.2020.128381,1.09,1.64,2.19,1,0.4,1,0.4,1,0.4
drinkingwater,0.1,1,5000,10.1016/j.cej.2020.128381,Korea|10.1016/j.cej.2020.128381,Korea.2|10.1016/j.cej.2020.128381,1.09,1.64,2.19,1,0.1,1,0.1,1,0.1
drinkingwater,0.3,1,5000,10.1016/j.cej.2020.128381,Korea|10.1016/j.cej.2020.128381,Korea.3|10.1016/j.cej.2020.128381,1.09,1.64,2.19,1,0.3,1,0.3,1,0.3
drinkingwater,1.3,1,5000,10.1016/j.cej.2020.128381,Scotland|10.1016/j.cej.2020.128381,N/A,1.09,1.64,2.19,1,1.3,1,1.3,1,1.3
drinkingwater,2.5,1,5000,10.1016/j.cej.2020.128381,Finland2|10.1016/j.cej.2020.128381,N/A,1.09,1.64,2.19,1,2.5,1,2.5,1,2.5
drinkingwater,0.4,1,5000,10.1016/j.cej.2020.128381,HongKong|10.1016/j.cej.2020.128381,HongKong.1|10.1016/j.cej.2020.128381,1.09,1.64,2.19,1,0.4,1,0.4,1,0.4
drinkingwater,0.27,1,5000,10.1016/j.cej.2020.128381,HongKong|10.1016/j.cej.2020.128381,HongKong.2|10.1016/j.cej.2020.128381,1.09,1.64,2.19,1,0.27,1,0.27,1,0.27
drinkingwater,8.00E-04,1,5000,10.1016/j.cej.2020.128381,UnitedStates|10.1016/j.cej.2020.128381,United States.1|10.1016/j.cej.2020.128381,1.09,1.64,2.19,1,0,1,8.00E-04,1,8.00E-04
drinkingwater,2.43E-06,1,5000,10.1016/j.cej.2020.128381,UnitedStates|10.1016/j.cej.2020.128381,United States.2|10.1016/j.cej.2020.128381,1.09,1.64,2.19,1,0,1,2.43E-06,1,2.43E-06
drinkingwater,3.8,1,5000,10.1016/j.cej.2020.128381,Germany|10.1016/j.cej.2020.128381,N/A,1.09,1.64,2.19,1,3.8,1,3.8,1,3.8
drinkingwater,233,1,5000,10.1016/j.cej.2020.128381,Denmark|10.1016/j.cej.2020.128381,N/A,1.09,1.64,2.19,1,233,1,233,1,233
drinkingwater,0.0995,1,5000,10.1016/j.cej.2020.128381,China2|10.1016/j.cej.2020.128381,N/A,1.09,1.64,2.19,1,0.1,1,0.1,1,0.1
drinkingwater,0.009,1,5000,10.1016/j.cej.2020.128381,UnitedStates2|10.1016/j.cej.2020.128381,UnitedStates2.1|10.1016/j.cej.2020.128381,1.09,1.64,2.19,1,0.01,1,0.01,1,0.01
drinkingwater,0.019,1,5000,10.1016/j.cej.2020.128381,UnitedStates2|10.1016/j.cej.2020.128381,UnitedStates2.2|10.1016/j.cej.2020.128381,1.09,1.64,2.19,1,0.02,1,0.02,1,0.02
drinkingwater,0.047,1,5000,10.1016/j.cej.2020.128381,UnitedStates2|10.1016/j.cej.2020.128381,UnitedStates2.3|10.1016/j.cej.2020.128381,1.09,1.64,2.19,1,0.05,1,0.05,1,0.05
drinkingwater,0.064,1,5000,10.1016/j.cej.2020.128381,UnitedStates2|10.1016/j.cej.2020.128381,UnitedStates2.4|10.1016/j.cej.2020.128381,1.09,1.64,2.19,1,0.06,1,0.06,1,0.06
drinkingwater,0.092,1,5000,10.1016/j.cej.2020.128381,UnitedStates2|10.1016/j.cej.2020.128381,UnitedStates2.5|10.1016/j.cej.2020.128381,1.09,1.64,2.19,1,0.09,1,0.09,1,0.09
drinkingwater,0.127,1,5000,10.1016/j.cej.2020.128381,UnitedStates2|10.1016/j.cej.2020.128381,UnitedStates2.6|10.1016/j.cej.2020.128381,1.09,1.64,2.19,1,0.13,1,0.13,1,0.13
drinkingwater,2.75,1,5000,10.1007/s11783-021-1492-5,Sarkar|10.1007/s11783-021-1492-5,N/A,1.09,1.64,2.19,1,2.75,1,2.75,1,2.75
drinkingwater,0.0014,1,5000,10.1007/s11783-021-1492-5,Johnson|10.1007/s11783-021-1492-5,N/A,1.09,1.64,2.19,1,0,1,0,1,0
drinkingwater,0.07,1,5000,10.1007/s11783-021-1492-5,Dalmau-Soler|10.1007/s11783-021-1492-5,N/A,1.09,1.64,2.19,1,0.07,1,0.07,1,0.07
drinkingwater,94.37,1,5000,10.1021/acs.est.9b01517,Bottled_Water|10.1021/acs.est.9b01517,N/A,1.09,1.64,2.19,1,94.37,1,94.37,1,94.37
drinkingwater,4.23,1,5000,10.1021/acs.est.9b01517,Tap_Water|10.1021/acs.est.9b01517,N/A,1.09,1.64,2.19,1,4.23,1,4.23,1,4.23
drinkingwater,6292,1,5000,10.1016/j.cotox.2021.09.003,Ossmann1|10.1016/j.cotox.2021.09.003,N/A,1.09,1.64,2.19,1,6292,1,6292,1,6292
drinkingwater,4889,1,5000,10.1016/j.cotox.2021.09.003,Ossmann2|10.1016/j.cotox.2021.09.003,N/A,1.09,1.64,2.19,1,4889,1,4889,1,4889
drinkingwater,2649,1,5000,10.1016/j.cotox.2021.09.003,Ossmann3|10.1016/j.cotox.2021.09.003,N/A,1.09,1.64,2.19,1,2649,1,2649,1,2649
drinkingwater,980,1,5000,10.1016/j.cotox.2021.09.003,Winkler|10.1016/j.cotox.2021.09.003,N/A,1.09,1.64,2.19,1,980,1,980,1,980
drinkingwater,325,1,5000,10.1016/j.cotox.2021.09.003,Mason1|10.1016/j.cotox.2021.09.003,N/A,1.09,1.64,2.19,1,325,1,325,1,325
drinkingwater,317,1,5000,10.1016/j.cotox.2021.09.003,Weisser|10.1016/j.cotox.2021.09.003,N/A,1.09,1.64,2.19,1,317,1,317,1,317
drinkingwater,242,1,5000,10.1016/j.cotox.2021.09.003,Giese1|10.1016/j.cotox.2021.09.003,N/A,1.09,1.64,2.19,1,242,1,242,1,242
drinkingwater,140,1,5000,10.1016/j.cotox.2021.09.003,Kankanige1|10.1016/j.cotox.2021.09.003,N/A,1.09,1.64,2.19,1,140,1,140,1,140
drinkingwater,131,1,5000,10.1016/j.cotox.2021.09.003,Giese2|10.1016/j.cotox.2021.09.003,N/A,1.09,1.64,2.19,1,131,1,131,1,131
drinkingwater,118,1,5000,10.1016/j.cotox.2021.09.003,Schymanski1|10.1016/j.cotox.2021.09.003,N/A,1.09,1.64,2.19,1,118,1,118,1,118
drinkingwater,52,1,5000,10.1016/j.cotox.2021.09.003,Kankanige2|10.1016/j.cotox.2021.09.003,N/A,1.09,1.64,2.19,1,52,1,52,1,52
drinkingwater,50,1,5000,10.1016/j.cotox.2021.09.003,Schymanski2|10.1016/j.cotox.2021.09.003,N/A,1.09,1.64,2.19,1,50,1,50,1,50
drinkingwater,26,1,5000,10.1016/j.cotox.2021.09.003,Almaiman1|10.1016/j.cotox.2021.09.003,N/A,1.09,1.64,2.19,1,26,1,26,1,26
drinkingwater,14,1,5000,10.1016/j.cotox.2021.09.003,Schymanski3|10.1016/j.cotox.2021.09.003,N/A,1.09,1.64,2.19,1,14,1,14,1,14
drinkingwater,11,1,5000,10.1016/j.cotox.2021.09.003,Schymanski4|10.1016/j.cotox.2021.09.003,N/A,1.09,1.64,2.19,1,11,1,11,1,11
drinkingwater,8.5,1,5000,10.1016/j.cotox.2021.09.003,Makhdoumi|10.1016/j.cotox.2021.09.003,N/A,1.09,1.64,2.19,1,8.5,1,8.5,1,8.5
drinkingwater,1.8,1,5000,10.1016/j.cotox.2021.09.003,Almaiman2|10.1016/j.cotox.2021.09.003,N/A,1.09,1.64,2.19,1,1.8,1,1.8,1,1.8
drinkingwater,1.41,1,5000,10.1016/j.cotox.2021.09.003,Mason2|10.1016/j.cotox.2021.09.003,N/A,1.09,1.64,2.19,1,1.41,1,1.41,1,1.41
drinkingwater,338,1,5000,10.1016/j.cotox.2021.09.003,Pivokonsky1|10.1016/j.cotox.2021.09.003,N/A,1.09,1.64,2.19,1,338,1,338,1,338
drinkingwater,151,1,5000,10.1016/j.cotox.2021.09.003,Pivokonsky2|10.1016/j.cotox.2021.09.003,N/A,1.09,1.64,2.19,1,151,1,151,1,151
drinkingwater,61,1,5000,10.1016/j.cotox.2021.09.003,Kosuth|10.1016/j.cotox.2021.09.003,N/A,1.09,1.64,2.19,1,61,1,61,1,61
drinkingwater,56,1,5000,10.1016/j.cotox.2021.09.003,Kankanige3|10.1016/j.cotox.2021.09.003,Kankanige3.1.10.1016/j.cotox.2021.09.003,1.09,1.64,2.19,1,56,1,56,1,56
drinkingwater,14,1,5000,10.1016/j.cotox.2021.09.003,Kankanige3|10.1016/j.cotox.2021.09.003,Kankanige3.2.10.1016/j.cotox.2021.09.003,1.09,1.64,2.19,1,14,1,14,1,14
drinkingwater,13,1,5000,10.1016/j.cotox.2021.09.003,Kankanige3|10.1016/j.cotox.2021.09.003,Kankanige3.3.10.1016/j.cotox.2021.09.003,1.09,1.64,2.19,1,13,1,13,1,13
drinkingwater,6,1,5000,10.1016/j.cotox.2021.09.003,Kankanige3|10.1016/j.cotox.2021.09.003,Kankanige3.4.10.1016/j.cotox.2021.09.003,1.09,1.64,2.19,1,6,1,6,1,6
drinkingwater,14,1,5000,10.1016/j.cotox.2021.09.003,Pivokonsky3|10.1016/j.cotox.2021.09.003,Pivokonsky3.10.1016/j.cotox.2021.09.003,1.09,1.64,2.19,1,14,1,14,1,14
drinkingwater,2.75,1,5000,10.1016/j.cotox.2021.09.003,Sarkar|10.1016/j.cotox.2021.09.003,N/A,1.09,1.64,2.19,1,2.75,1,2.75,1,2.75
drinkingwater,2.181,1,5000,10.1016/j.cotox.2021.09.003,Lam|10.1016/j.cotox.2021.09.003,N/A,1.09,1.64,2.19,1,2.18,1,2.18,1,2.18
drinkingwater,0.174,1,5000,10.1016/j.cotox.2021.09.003,Kirstein|10.1016/j.cotox.2021.09.003,N/A,1.09,1.64,2.19,1,0.17,1,0.17,1,0.17
drinkingwater,0.06,1,5000,10.1016/j.cotox.2021.09.003,Dalmau-Soler|10.1016/j.cotox.2021.09.003,N/A,1.09,1.64,2.19,1,0.06,1,0.06,1,0.06
drinkingwater,0.066,1,5000,10.1016/j.cotox.2021.09.003,Pittroff|10.1016/j.cotox.2021.09.003,N/A,1.09,1.64,2.19,1,0.07,1,0.07,1,0.07
drinkingwater,0.00011,1,5000,10.1016/j.cotox.2021.09.003,Johnson|10.1016/j.cotox.2021.09.003,N/A,1.09,1.64,2.19,1,0,1,0,1,0
drinkingwater,0,1,5000,10.1016/j.cotox.2021.09.003,Almaiman3|10.1016/j.cotox.2021.09.003,N/A,1.09,1.64,2.19,1,0,1,0,1,0
drinkingwater,0,1,5000,10.1016/j.cotox.2021.09.003,Weber|10.1016/j.cotox.2021.09.003,N/A,1.09,1.64,2.19,1,0,1,0,1,0
drinkingwater,2649,1,5000,10.1016/j.cofs.2021.02.011,Single_PET2|10.1016/j.cofs.2021.02.011,N/A,1.09,1.64,2.19,1,2649,1,2649,1,2649
drinkingwater,4889,1,5000,10.1016/j.cofs.2021.02.011,Returnable_PET2|10.1016/j.cofs.2021.02.011,N/A,1.09,1.64,2.19,1,4889,1,4889,1,4889
drinkingwater,6292,1,5000,10.1016/j.cofs.2021.02.011,Glass2|10.1016/j.cofs.2021.02.011,N/A,1.09,1.64,2.19,1,6292,1,6292,1,6292
drinkingwater,315,1,5000,10.1016/j.cofs.2021.02.011,Single_PET3|10.1016/j.cofs.2021.02.011,N/A,1.09,1.64,2.19,1,315,1,315,1,315
drinkingwater,195.7,1,5000,10.1016/j.cofs.2021.02.011,Glass3|10.1016/j.cofs.2021.02.011,N/A,1.09,1.64,2.19,1,195.7,1,195.7,1,195.7
drinkingwater,54200000,1,5000,10.1016/j.cofs.2021.02.011,Single_PET4|10.1016/j.cofs.2021.02.011,N/A,1.09,1.64,2.19,1,54200000,1,54200000,1,54200000
drinkingwater,140,1,5000,10.1016/j.cofs.2021.02.011,Single_PET5|10.1016/j.cofs.2021.02.011,N/A,1.09,1.64,2.19,1,140,1,140,1,140
drinkingwater,52,1,5000,10.1016/j.cofs.2021.02.011,Glass4|10.1016/j.cofs.2021.02.011,N/A,1.09,1.64,2.19,1,52,1,52,1,52
drinkingwater,1.5,1,5000,10.3390/app112110109,Australia1|10.3390/app112110109,N/A,1.09,1.64,2.19,1,1.5,1,1.5,1,1.5
drinkingwater,0.48,1,5000,10.3390/app112110109,Australia2|10.3390/app112110109,N/A,1.09,1.64,2.19,1,0.48,1,0.48,1,0.48
drinkingwater,0.28,1,5000,10.3390/app112110109,Australia3|10.3390/app112110109,N/A,1.09,1.64,2.19,1,0.28,1,0.28,1,0.28
drinkingwater,0.18,1,5000,10.3390/app112110109,Australia4|10.3390/app112110109,N/A,1.09,1.64,2.19,1,0.18,1,0.18,1,0.18
drinkingwater,0.96,1,5000,10.3390/app112110109,Australia5|10.3390/app112110109,N/A,1.09,1.64,2.19,1,0.96,1,0.96,1,0.96
drinkingwater,0.91,1,5000,10.3390/app112110109,Australia6|10.3390/app112110109,N/A,1.09,1.64,2.19,1,0.91,1,0.91,1,0.91
drinkingwater,2.76,1,5000,10.3390/app112110109,Australia7|10.3390/app112110109,N/A,1.09,1.64,2.19,1,2.76,1,2.76,1,2.76
drinkingwater,0.5,1,5000,10.3390/app112110109,Canada1|10.3390/app112110109,N/A,1.09,1.64,2.19,1,0.5,1,0.5,1,0.5
drinkingwater,1.76,1,5000,10.3390/app112110109,Canada2|10.3390/app112110109,N/A,1.09,1.64,2.19,1,1.76,1,1.76,1,1.76
drinkingwater,28.4,1,5000,10.3390/app112110109,China1|10.3390/app112110109,N/A,1.09,1.64,2.19,1,28.4,1,28.4,1,28.4
drinkingwater,0.13,1,5000,10.3390/app112110109,China2|10.3390/app112110109,N/A,1.09,1.64,2.19,1,0.13,1,0.13,1,0.13
drinkingwater,0.05,1,5000,10.3390/app112110109,China3|10.3390/app112110109,N/A,1.09,1.64,2.19,1,0.05,1,0.05,1,0.05
drinkingwater,2.7,1,5000,10.3390/app112110109,China4|10.3390/app112110109,N/A,1.09,1.64,2.19,1,2.7,1,2.7,1,2.7
drinkingwater,0.3,1,5000,10.3390/app112110109,China5|10.3390/app112110109,N/A,1.09,1.64,2.19,1,0.3,1,0.3,1,0.3
drinkingwater,0.6,1,5000,10.3390/app112110109,China6|10.3390/app112110109,N/A,1.09,1.64,2.19,1,0.6,1,0.6,1,0.6
drinkingwater,0.59,1,5000,10.3390/app112110109,China7|10.3390/app112110109,N/A,1.09,1.64,2.19,1,0.59,1,0.59,1,0.59
drinkingwater,0.59,1,5000,10.3390/app112110109,China8|10.3390/app112110109,N/A,1.09,1.64,2.19,1,0.59,1,0.59,1,0.59
drinkingwater,30.6,1,5000,10.3390/app112110109,China9|10.3390/app112110109,N/A,1.09,1.64,2.19,1,30.6,1,30.6,1,30.6
drinkingwater,1.72,1,5000,10.3390/app112110109,China10|10.3390/app112110109,N/A,1.09,1.64,2.19,1,1.72,1,1.72,1,1.72
drinkingwater,22.9,1,5000,10.3390/app112110109,China11|10.3390/app112110109,N/A,1.09,1.64,2.19,1,22.9,1,22.9,1,22.9
drinkingwater,2.9,1,5000,10.3390/app112110109,China12|10.3390/app112110109,N/A,1.09,1.64,2.19,1,2.9,1,2.9,1,2.9
drinkingwater,7.9,1,5000,10.3390/app112110109,China13|10.3390/app112110109,N/A,1.09,1.64,2.19,1,7.9,1,7.9,1,7.9
drinkingwater,30.3,1,5000,10.3390/app112110109,China14|10.3390/app112110109,N/A,1.09,1.64,2.19,1,30.3,1,30.3,1,30.3
drinkingwater,14.3,1,5000,10.3390/app112110109,China15|10.3390/app112110109,N/A,1.09,1.64,2.19,1,14.3,1,14.3,1,14.3
drinkingwater,8.25,1,5000,10.3390/app112110109,China16|10.3390/app112110109,N/A,1.09,1.64,2.19,1,8.25,1,8.25,1,8.25
drinkingwater,0.24,1,5000,10.3390/app112110109,China17|10.3390/app112110109,N/A,1.09,1.64,2.19,1,0.24,1,0.24,1,0.24
drinkingwater,0.34,1,5000,10.3390/app112110109,China18|10.3390/app112110109,N/A,1.09,1.64,2.19,1,0.34,1,0.34,1,0.34
drinkingwater,20.96,1,5000,10.3390/app112110109,China19|10.3390/app112110109,N/A,1.09,1.64,2.19,1,20.96,1,20.96,1,20.96
drinkingwater,31.85,1,5000,10.3390/app112110109,China20|10.3390/app112110109,N/A,1.09,1.64,2.19,1,31.85,1,31.85,1,31.85
drinkingwater,40.67,1,5000,10.3390/app112110109,China21|10.3390/app112110109,N/A,1.09,1.64,2.19,1,40.67,1,40.67,1,40.67
drinkingwater,20.44,1,5000,10.3390/app112110109,China22|10.3390/app112110109,N/A,1.09,1.64,2.19,1,20.44,1,20.44,1,20.44
drinkingwater,0.78,1,5000,10.3390/app112110109,China23|10.3390/app112110109,N/A,1.09,1.64,2.19,1,0.78,1,0.78,1,0.78
drinkingwater,0.62,1,5000,10.3390/app112110109,China24|10.3390/app112110109,N/A,1.09,1.64,2.19,1,0.62,1,0.62,1,0.62
drinkingwater,0.1,1,5000,10.3390/app112110109,China25|10.3390/app112110109,N/A,1.09,1.64,2.19,1,0.1,1,0.1,1,0.1
drinkingwater,0.07,1,5000,10.3390/app112110109,China26|10.3390/app112110109,N/A,1.09,1.64,2.19,1,0.07,1,0.07,1,0.07
drinkingwater,0,1,5000,10.3390/app112110109,China27|10.3390/app112110109,N/A,1.09,1.64,2.19,1,0,1,0,1,0
drinkingwater,0,1,5000,10.3390/app112110109,China28|10.3390/app112110109,N/A,1.09,1.64,2.19,1,0,1,0,1,0
drinkingwater,400,1,5000,10.3390/app112110109,China29|10.3390/app112110109,N/A,1.09,1.64,2.19,1,400,1,400,1,400
drinkingwater,750,1,5000,10.3390/app112110109,China30|10.3390/app112110109,N/A,1.09,1.64,2.19,1,750,1,750,1,750
drinkingwater,300,1,5000,10.3390/app112110109,China31|10.3390/app112110109,N/A,1.09,1.64,2.19,1,300,1,300,1,300
drinkingwater,120.3,1,5000,10.3390/app112110109,Denmark1|10.3390/app112110109,N/A,1.09,1.64,2.19,1,120.3,1,120.3,1,120.3
drinkingwater,1.05,1,5000,10.3390/app112110109,Finland1|10.3390/app112110109,N/A,1.09,1.64,2.19,1,1.05,1,1.05,1,1.05
drinkingwater,13.5,1,5000,10.3390/app112110109,Finland2|10.3390/app112110109,N/A,1.09,1.64,2.19,1,13.5,1,13.5,1,13.5
drinkingwater,0.03,1,5000,10.3390/app112110109,Finland3|10.3390/app112110109,N/A,1.09,1.64,2.19,1,0.03,1,0.03,1,0.03
drinkingwater,0.005,1,5000,10.3390/app112110109,Finland4|10.3390/app112110109,N/A,1.09,1.64,2.19,1,0.01,1,0.01,1,0.01
drinkingwater,0.1,1,5000,10.3390/app112110109,Finland5|10.3390/app112110109,N/A,1.09,1.64,2.19,1,0.1,1,0.1,1,0.1
drinkingwater,0.02,1,5000,10.3390/app112110109,Finland6|10.3390/app112110109,N/A,1.09,1.64,2.19,1,0.02,1,0.02,1,0.02
drinkingwater,6.84,1,5000,10.3390/app112110109,Finland7|10.3390/app112110109,N/A,1.09,1.64,2.19,1,6.84,1,6.84,1,6.84
drinkingwater,35,1,5000,10.3390/app112110109,France1|10.3390/app112110109,N/A,1.09,1.64,2.19,1,35,1,35,1,35
drinkingwater,2.84,1,5000,10.3390/app112110109,France2|10.3390/app112110109,N/A,1.09,1.64,2.19,1,2.84,1,2.84,1,2.84
drinkingwater,1.82,1,5000,10.3390/app112110109,Germany1|10.3390/app112110109,N/A,1.09,1.64,2.19,1,1.82,1,1.82,1,1.82
drinkingwater,5.9,1,5000,10.3390/app112110109,Germany2|10.3390/app112110109,N/A,1.09,1.64,2.19,1,5.9,1,5.9,1,5.9
drinkingwater,3,1,5000,10.3390/app112110109,Germany3|10.3390/app112110109,N/A,1.09,1.64,2.19,1,3,1,3,1,3
drinkingwater,7,1,5000,10.3390/app112110109,Germany4|10.3390/app112110109,N/A,1.09,1.64,2.19,1,7,1,7,1,7
drinkingwater,14,1,5000,10.3390/app112110109,Germany5|10.3390/app112110109,N/A,1.09,1.64,2.19,1,14,1,14,1,14
drinkingwater,0.27,1,5000,10.3390/app112110109,HingKong1|10.3390/app112110109,N/A,1.09,1.64,2.19,1,0.27,1,0.27,1,0.27
drinkingwater,0.4,1,5000,10.3390/app112110109,HingKong2|10.3390/app112110109,N/A,1.09,1.64,2.19,1,0.4,1,0.4,1,0.4
drinkingwater,0.42,1,5000,10.3390/app112110109,Iran1|10.3390/app112110109,N/A,1.09,1.64,2.19,1,0.42,1,0.42,1,0.42
drinkingwater,1.91,1,5000,10.3390/app112110109,Iran2|10.3390/app112110109,N/A,1.09,1.64,2.19,1,1.91,1,1.91,1,1.91
drinkingwater,2.11,1,5000,10.3390/app112110109,Iran3|10.3390/app112110109,N/A,1.09,1.64,2.19,1,2.11,1,2.11,1,2.11
drinkingwater,0.58,1,5000,10.3390/app112110109,Iran4|10.3390/app112110109,N/A,1.09,1.64,2.19,1,0.58,1,0.58,1,0.58
drinkingwater,1.97,1,5000,10.3390/app112110109,Israel1|10.3390/app112110109,N/A,1.09,1.64,2.19,1,1.97,1,1.97,1,1.97
drinkingwater,7.3,1,5000,10.3390/app112110109,Israel2|10.3390/app112110109,N/A,1.09,1.64,2.19,1,7.3,1,7.3,1,7.3
drinkingwater,0.4,1,5000,10.3390/app112110109,Italy1|10.3390/app112110109,N/A,1.09,1.64,2.19,1,0.4,1,0.4,1,0.4
drinkingwater,0.52,1,5000,10.3390/app112110109,Italy2|10.3390/app112110109,N/A,1.09,1.64,2.19,1,0.52,1,0.52,1,0.52
drinkingwater,0.2,1,5000,10.3390/app112110109,Italy3|10.3390/app112110109,N/A,1.09,1.64,2.19,1,0.2,1,0.2,1,0.2
drinkingwater,0.44,1,5000,10.3390/app112110109,Korea1|10.3390/app112110109,N/A,1.09,1.64,2.19,1,0.44,1,0.44,1,0.44
drinkingwater,0.14,1,5000,10.3390/app112110109,Korea2|10.3390/app112110109,N/A,1.09,1.64,2.19,1,0.14,1,0.14,1,0.14
drinkingwater,0.28,1,5000,10.3390/app112110109,Korea3|10.3390/app112110109,N/A,1.09,1.64,2.19,1,0.28,1,0.28,1,0.28
drinkingwater,0.11,1,5000,10.3390/app112110109,Korea4|10.3390/app112110109,N/A,1.09,1.64,2.19,1,0.11,1,0.11,1,0.11
drinkingwater,39,1,5000,10.3390/app112110109,Netherlands1|10.3390/app112110109,N/A,1.09,1.64,2.19,1,39,1,39,1,39
drinkingwater,61,1,5000,10.3390/app112110109,Netherlands2|10.3390/app112110109,N/A,1.09,1.64,2.19,1,61,1,61,1,61
drinkingwater,65,1,5000,10.3390/app112110109,Netherlands3|10.3390/app112110109,N/A,1.09,1.64,2.19,1,65,1,65,1,65
drinkingwater,81,1,5000,10.3390/app112110109,Netherlands4|10.3390/app112110109,N/A,1.09,1.64,2.19,1,81,1,81,1,81
drinkingwater,56,1,5000,10.3390/app112110109,Netherlands5|10.3390/app112110109,N/A,1.09,1.64,2.19,1,56,1,56,1,56
drinkingwater,55,1,5000,10.3390/app112110109,Netherlands6|10.3390/app112110109,N/A,1.09,1.64,2.19,1,55,1,55,1,55
drinkingwater,55,1,5000,10.3390/app112110109,Netherlands7|10.3390/app112110109,N/A,1.09,1.64,2.19,1,55,1,55,1,55
drinkingwater,0.34,1,5000,10.3390/app112110109,Poland1|10.3390/app112110109,N/A,1.09,1.64,2.19,1,0.34,1,0.34,1,0.34
drinkingwater,148,1,5000,10.3390/app112110109,Russia1|10.3390/app112110109,N/A,1.09,1.64,2.19,1,148,1,148,1,148
drinkingwater,0.25,1,5000,10.3390/app112110109,Scotland1|10.3390/app112110109,N/A,1.09,1.64,2.19,1,0.25,1,0.25,1,0.25
drinkingwater,1,1,5000,10.3390/app112110109,Scotland2|10.3390/app112110109,N/A,1.09,1.64,2.19,1,1,1,1,1,1
drinkingwater,49,1,5000,10.3390/app112110109,SouthKorea1|10.3390/app112110109,N/A,1.09,1.64,2.19,1,49,1,49,1,49
drinkingwater,33,1,5000,10.3390/app112110109,SouthKorea2|10.3390/app112110109,N/A,1.09,1.64,2.19,1,33,1,33,1,33
drinkingwater,297,1,5000,10.3390/app112110109,SouthKorea3|10.3390/app112110109,N/A,1.09,1.64,2.19,1,297,1,297,1,297
drinkingwater,66,1,5000,10.3390/app112110109,SouthKorea4|10.3390/app112110109,N/A,1.09,1.64,2.19,1,66,1,66,1,66
drinkingwater,0.31,1,5000,10.3390/app112110109,Spain1|10.3390/app112110109,N/A,1.09,1.64,2.19,1,0.31,1,0.31,1,0.31
drinkingwater,0.44,1,5000,10.3390/app112110109,Spain2|10.3390/app112110109,N/A,1.09,1.64,2.19,1,0.44,1,0.44,1,0.44
drinkingwater,0.92,1,5000,10.3390/app112110109,Spain3|10.3390/app112110109,N/A,1.09,1.64,2.19,1,0.92,1,0.92,1,0.92
drinkingwater,1.08,1,5000,10.3390/app112110109,Spain4|10.3390/app112110109,N/A,1.09,1.64,2.19,1,1.08,1,1.08,1,1.08
drinkingwater,12.8,1,5000,10.3390/app112110109,Spain5|10.3390/app112110109,N/A,1.09,1.64,2.19,1,12.8,1,12.8,1,12.8
drinkingwater,41.77,1,5000,10.3390/app112110109,Spain6|10.3390/app112110109,N/A,1.09,1.64,2.19,1,41.77,1,41.77,1,41.77
drinkingwater,16.4,1,5000,10.3390/app112110109,Spain7|10.3390/app112110109,N/A,1.09,1.64,2.19,1,16.4,1,16.4,1,16.4
drinkingwater,131.36,1,5000,10.3390/app112110109,Spain8|10.3390/app112110109,N/A,1.09,1.64,2.19,1,131.36,1,131.36,1,131.36
drinkingwater,0.98,1,5000,10.3390/app112110109,Spain9|10.3390/app112110109,N/A,1.09,1.64,2.19,1,0.98,1,0.98,1,0.98
drinkingwater,4,1,5000,10.3390/app112110109,Sweden1|10.3390/app112110109,N/A,1.09,1.64,2.19,1,4,1,4,1,4
drinkingwater,0.008,1,5000,10.3390/app112110109,Sweden2|10.3390/app112110109,N/A,1.09,1.64,2.19,1,0.01,1,0.01,1,0.01
drinkingwater,2,1,5000,10.3390/app112110109,Thailand1|10.3390/app112110109,N/A,1.09,1.64,2.19,1,2,1,2,1,2
drinkingwater,7,1,5000,10.3390/app112110109,Turkey1|10.3390/app112110109,N/A,1.09,1.64,2.19,1,7,1,7,1,7
drinkingwater,4.11,1,5000,10.3390/app112110109,Turkey2|10.3390/app112110109,N/A,1.09,1.64,2.19,1,4.11,1,4.11,1,4.11
drinkingwater,1.6,1,5000,10.3390/app112110109,Turkey3|10.3390/app112110109,N/A,1.09,1.64,2.19,1,1.6,1,1.6,1,1.6
drinkingwater,0.7,1,5000,10.3390/app112110109,Turkey4|10.3390/app112110109,N/A,1.09,1.64,2.19,1,0.7,1,0.7,1,0.7
drinkingwater,0.6,1,5000,10.3390/app112110109,Turkey5|10.3390/app112110109,N/A,1.09,1.64,2.19,1,0.6,1,0.6,1,0.6
drinkingwater,15.7,1,5000,10.3390/app112110109,UK1|10.3390/app112110109,N/A,1.09,1.64,2.19,1,15.7,1,15.7,1,15.7
drinkingwater,3.7,1,5000,10.3390/app112110109,USA1|10.3390/app112110109,N/A,1.09,1.64,2.19,1,3.7,1,3.7,1,3.7
drinkingwater,17.6,1,5000,10.3390/app112110109,USA2|10.3390/app112110109,N/A,1.09,1.64,2.19,1,17.6,1,17.6,1,17.6
drinkingwater,17.2,1,5000,10.3390/app112110109,USA3|10.3390/app112110109,N/A,1.09,1.64,2.19,1,17.2,1,17.2,1,17.2
drinkingwater,0.09,1,5000,10.3390/app112110109,USA4|10.3390/app112110109,N/A,1.09,1.64,2.19,1,0.09,1,0.09,1,0.09
drinkingwater,0.05,1,5000,10.3390/app112110109,USA5|10.3390/app112110109,N/A,1.09,1.64,2.19,1,0.05,1,0.05,1,0.05
drinkingwater,5.9,1,5000,10.3390/app112110109,USA6|10.3390/app112110109,N/A,1.09,1.64,2.19,1,5.9,1,5.9,1,5.9
drinkingwater,2.6,1,5000,10.3390/app112110109,USA7|10.3390/app112110109,N/A,1.09,1.64,2.19,1,2.6,1,2.6,1,2.6
drinkingwater,0.098,1,5000,10.3390/app112110109,USA8|10.3390/app112110109,N/A,1.09,1.64,2.19,1,0.1,1,0.1,1,0.1
drinkingwater,0.00088,1,5000,10.3390/app112110109,USA9|10.3390/app112110109,N/A,1.09,1.64,2.19,1,0,1,0,1,0
drinkingwater,0.00035,1,5000,10.1007/s11783-021-1492-5,Mintenig|10.1007/s11783-021-1492-5,N/A,1.09,1.64,2.19,1,0,1,0,1,0
drinkingwater,0.4,1,5000,10.1016/j.scitotenv.2021.148001,TCQS|10.1016/j.scitotenv.2021.148001,N/A,1.09,1.64,2.19,1,0.4,1,0.4,1,0.4
drinkingwater,0.51,1,5000,10.1016/j.scitotenv.2021.148001,SHN|10.1016/j.scitotenv.2021.148001,N/A,1.09,1.64,2.19,1,0.51,1,0.51,1,0.51
drinkingwater,0.51,1,5000,10.1016/j.scitotenv.2021.148001,CHQ|10.1016/j.scitotenv.2021.148001,N/A,1.09,1.64,2.19,1,0.51,1,0.51,1,0.51
drinkingwater,0.55,1,5000,10.1016/j.scitotenv.2021.148001,CHH|10.1016/j.scitotenv.2021.148001,N/A,1.09,1.64,2.19,1,0.55,1,0.55,1,0.55
drinkingwater,0.6,1,5000,10.1016/j.scitotenv.2021.148001,ZHB|10.1016/j.scitotenv.2021.148001,N/A,1.09,1.64,2.19,1,0.6,1,0.6,1,0.6
drinkingwater,0.605,1,5000,10.1016/j.scitotenv.2021.148001,DAS|10.1016/j.scitotenv.2021.148001,N/A,1.09,1.64,2.19,1,0.61,1,0.61,1,0.61
drinkingwater,0.63,1,5000,10.1016/j.scitotenv.2021.148001,XHS|10.1016/j.scitotenv.2021.148001,N/A,1.09,1.64,2.19,1,0.63,1,0.63,1,0.63
drinkingwater,0.75,1,5000,10.1016/j.scitotenv.2021.148001,HNZ|10.1016/j.scitotenv.2021.148001,N/A,1.09,1.64,2.19,1,0.75,1,0.75,1,0.75
drinkingwater,0.56,1,5000,10.1016/j.scitotenv.2021.148001,TCH|10.1016/j.scitotenv.2021.148001,N/A,1.09,1.64,2.19,1,0.56,1,0.56,1,0.56
drinkingwater,0.6,1,5000,10.1016/j.scitotenv.2021.148001,WHH|10.1016/j.scitotenv.2021.148001,N/A,1.09,1.64,2.19,1,0.6,1,0.6,1,0.6
drinkingwater,0.39,1,5000,10.1016/j.scitotenv.2021.148001,Spr|10.1016/j.scitotenv.2021.148001,N/A,1.09,1.64,2.19,1,0.39,1,0.39,1,0.39
drinkingwater,0.36,1,5000,10.1016/j.scitotenv.2021.148001,Sum|10.1016/j.scitotenv.2021.148001,N/A,1.09,1.64,2.19,1,0.36,1,0.36,1,0.36
drinkingwater,0.75,1,5000,10.1016/j.scitotenv.2021.148001,Aut|10.1016/j.scitotenv.2021.148001,N/A,1.09,1.64,2.19,1,0.75,1,0.75,1,0.75
drinkingwater,0.54,1,5000,10.1016/j.scitotenv.2021.148001,Win|10.1016/j.scitotenv.2021.148001,N/A,1.09,1.64,2.19,1,0.54,1,0.54,1,0.54
drinkingwater,0,1,5000,10.3390/environments8120138,gallon_brand 2|10.3390/environments8120138,N/A,1.09,1.64,2.19,1,0,1,0,1,0
drinkingwater,0,1,5000,10.3390/environments8120138,gallon_refill1|10.3390/environments8120138,N/A,1.09,1.64,2.19,1,0,1,0,1,0
drinkingwater,0,1,5000,10.3390/environments8120138,gallon_refill2|10.3390/environments8120138,N/A,1.09,1.64,2.19,1,0,1,0,1,0
drinkingwater,11,1,5000,10.1016/j.chemosphere.2021.132588,filtered|10.1016/j.chemosphere.2021.132587,N/A,1.09,1.64,2.19,1,11,1,11,1,11
drinkingwater,31,1,5000,10.1016/j.chemosphere.2021.132589,clearwell|10.1016/j.chemosphere.2021.132587,N/A,1.09,1.64,2.19,1,31,1,31,1,31
drinkingwater,20,1,5000,10.1016/j.chemosphere.2021.132590,distribution|10.1016/j.chemosphere.2021.132587,N/A,1.09,1.64,2.19,1,20,1,20,1,20